"Sport.n_ID","Sport.n_TypeID","Sport.c_Name","Sport.c_Short","Sport.c_ParticipatingNOCIDList","DateList.n_DateLocal","DateList.b_LiveWindowDate","c_TimeFirstEventLocal","c_TimeFirstEventUTC","c_TimeLastEventLocal","c_TimeLastEventUTC","b_TimeUnknown","b_Scheduled","b_MatchupComplete","b_MatchupPartial","b_StartList","b_InProgress","b_Finished","b_LiveWindow","b_Delayed","b_Postponed","b_Cancelled","b_Rescheduled","n_EventMatchID","n_MatchID","c_Match","n_MatchNr","n_MatchLevel","b_KnockoutMatch","n_ContainerMatchID","c_ContainerMatch","n_NavigationMatchID","c_ParticipatingNOCIDList","c_ScheduleStatus","c_ODF_ScheduleStatus","c_RSCCode","n_BDF_StartTime","c_BDF_StartTime","n_BDF_VideoSessionID","c_ClientStreamURL","GenderEvent.n_ID","GenderEvent.c_Name","GenderEvent.c_Short","Event.n_ID","Event.n_TypeID","Event.c_Name","Event.c_Short","Event.n_Sort","Gender.n_ID","Gender.c_Name","Gender.c_Short","DateTimes.Start.c_Local","DateTimes.Start.d_Local","DateTimes.Start.n_Local","DateTimes.Start.c_UTC","DateTimes.Start.d_UTC","DateTimes.Start.n_UTC","DateTimes.End.c_Local","DateTimes.End.d_Local","DateTimes.End.n_Local","DateTimes.End.c_UTC","DateTimes.End.d_UTC","DateTimes.End.n_UTC","Venue.n_ID","Venue.c_Name","Venue.c_Short","Location.n_ID","Location.c_Name","Location.c_Short","Country.n_ID","Country.c_Name","Country.c_Short","Match.n_ID","Match.c_KnockoutMatchName","Match.n_Winner","Match.c_ResultSuffix","Match.b_Bye","Match.n_BDF_StartTime","Match.c_BDF_StartTime","Match.Competitor1.n_PersonID","Match.Competitor1.n_TeamID","Match.Competitor1.c_Name","Match.Competitor1.c_Short","Match.Competitor1.n_SeedNr","Match.Competitor1.n_NOCID","Match.Competitor1.n_NOCGeoID","Match.Competitor1.c_NOC","Match.Competitor1.c_NOCShort","Match.Competitor1.n_Person1ID","Match.Competitor1.c_Person1","Match.Competitor1.c_Person1Short","Match.Competitor1.c_Person1FirstName","Match.Competitor1.c_Person1LastName","Match.Competitor1.n_Person2ID","Match.Competitor1.c_Person2","Match.Competitor1.c_Person2Short","Match.Competitor1.c_Person2FirstName","Match.Competitor1.c_Person2LastName","Match.Competitor1.n_ParticipantTypeID","Match.Competitor1.n_Result","Match.Competitor1.c_Result","Match.Competitor1.n_PeriodResult1","Match.Competitor1.n_PeriodResult2","Match.Competitor1.n_PeriodResult3","Match.Competitor1.n_PeriodResult4","Match.Competitor1.n_PeriodResult5","Match.Competitor1.n_PeriodResult6","Match.Competitor1.n_PeriodResult7","Match.Competitor2.n_PersonID","Match.Competitor2.n_TeamID","Match.Competitor2.c_Name","Match.Competitor2.c_Short","Match.Competitor2.n_SeedNr","Match.Competitor2.n_NOCID","Match.Competitor2.n_NOCGeoID","Match.Competitor2.c_NOC","Match.Competitor2.c_NOCShort","Match.Competitor2.n_Person1ID","Match.Competitor2.c_Person1","Match.Competitor2.c_Person1Short","Match.Competitor2.c_Person1FirstName","Match.Competitor2.c_Person1LastName","Match.Competitor2.n_Person2ID","Match.Competitor2.c_Person2","Match.Competitor2.c_Person2Short","Match.Competitor2.c_Person2FirstName","Match.Competitor2.c_Person2LastName","Match.Competitor2.n_ParticipantTypeID","Match.Competitor2.n_Result","Match.Competitor2.c_Result","Match.Competitor2.n_PeriodResult1","Match.Competitor2.n_PeriodResult2","Match.Competitor2.n_PeriodResult3","Match.Competitor2.n_PeriodResult4","Match.Competitor2.n_PeriodResult5","Match.Competitor2.n_PeriodResult6","Match.Competitor2.n_PeriodResult7","MedalsToBeAwarded.b_Gold","MedalsToBeAwarded.b_Silver","MedalsToBeAwarded.b_Bronze"
113,1,"Hockey","IHO","2;5;9;14;17;18;26;149;152;154;159;161;23062",20220203,FALSE,"2022-02-03T12:10:00","2022-02-03T04:10:00","2022-02-03T12:10:00","2022-02-03T04:10:00",FALSE,FALSE,TRUE,FALSE,FALSE,FALSE,TRUE,FALSE,FALSE,FALSE,FALSE,FALSE,220271,248581,"Group B",2,9,FALSE,248574,"Preliminary Round",248574,";17;26;","Finished","FINISHED","IHOWTEAM6-------------GPB-000100--",NA,NA,290,"https://stream.nbcolympics.com/beijing-olympics-hockey-womens-china-czech-republic",9608,"Women's Tournament","Women's Tournament",0,4,"Team","Team",NA,2,"Women","W","2022-02-03T12:10:00","/Date(1643890200000+0000)/",20220203,"2022-02-03T04:10:00","/Date(1643861400000+0000)/",20220203,"2022-02-03T14:10:14.567","/Date(1643897414567+0000)/",20220203,"2022-02-03T06:10:14.567","/Date(1643868614567+0000)/",20220203,40587,"Wukesong Sports Centre",NA,3647,"Beijing",NA,2770,"China","CHN",746579,NA,1,NA,FALSE,NA,NA,0,2832,"Czech Republic","CZE",NA,17,2240,"Czech Republic","CZE",NA,NA,NA,NA,NA,NA,NA,NA,NA,NA,4,3,"3",1,1,1,NA,NA,NA,NA,0,767,"China","CHN",NA,26,2770,"China","CHN",NA,NA,NA,NA,NA,NA,NA,NA,NA,NA,4,1,"1",0,1,0,NA,NA,NA,NA,FALSE,FALSE,FALSE
113,1,"Hockey","IHO","2;5;9;14;17;18;26;149;152;154;159;161;23062",20220203,FALSE,"2022-02-03T12:10:00","2022-02-03T04:10:00","2022-02-03T12:10:00","2022-02-03T04:10:00",FALSE,FALSE,TRUE,FALSE,FALSE,FALSE,TRUE,FALSE,FALSE,FALSE,FALSE,FALSE,220271,248580,"Group A",1,9,FALSE,248574,"Preliminary Round",248574,";149;159;","Finished","FINISHED","IHOWTEAM6-------------GPA-000100--",NA,NA,261,"https://stream.nbcolympics.com/beijing-olympics-hockey-womens-switzerland-canada",9608,"Women's Tournament","Women's Tournament",0,4,"Team","Team",NA,2,"Women","W","2022-02-03T12:10:00","/Date(1643890200000+0000)/",20220203,"2022-02-03T04:10:00","/Date(1643861400000+0000)/",20220203,"2022-02-03T14:25:00","/Date(1643898300000+0000)/",20220203,"2022-02-03T06:25:00","/Date(1643869500000+0000)/",20220203,41395,"National Indoor Stadium",NA,3647,"Beijing",NA,2770,"China","CHN",746572,NA,1,NA,FALSE,NA,NA,0,140,"Canada","CAN",NA,159,2231,"Canada","CAN",NA,NA,NA,NA,NA,NA,NA,NA,NA,NA,4,12,"12",3,5,4,NA,NA,NA,NA,0,522,"Switzerland","SUI",NA,149,2213,"Switzerland","SUI",NA,NA,NA,NA,NA,NA,NA,NA,NA,NA,4,1,"1",0,0,1,NA,NA,NA,NA,FALSE,FALSE,FALSE
113,1,"Hockey","IHO","2;5;9;14;17;18;26;149;152;154;159;161;23062",20220203,FALSE,"2022-02-03T16:40:00","2022-02-03T08:40:00","2022-02-03T16:40:00","2022-02-03T08:40:00",FALSE,FALSE,TRUE,FALSE,FALSE,FALSE,TRUE,FALSE,FALSE,FALSE,FALSE,FALSE,220271,248581,"Group B",2,9,FALSE,248574,"Preliminary Round",248574,";18;154;","Finished","FINISHED","IHOWTEAM6-------------GPB-000200--",NA,NA,291,"https://stream.nbcolympics.com/beijing-olympics-hockey-womens-prelim-japan-sweden",9608,"Women's Tournament","Women's Tournament",0,4,"Team","Team",NA,2,"Women","W","2022-02-03T16:40:00","/Date(1643906400000+0000)/",20220203,"2022-02-03T08:40:00","/Date(1643877600000+0000)/",20220203,"2022-02-03T18:55:00","/Date(1643914500000+0000)/",20220203,"2022-02-03T10:55:00","/Date(1643885700000+0000)/",20220203,40587,"Wukesong Sports Centre",NA,3647,"Beijing",NA,2770,"China","CHN",746574,NA,2,NA,FALSE,NA,NA,0,808,"Sweden","SWE",NA,154,2222,"Sweden","SWE",NA,NA,NA,NA,NA,NA,NA,NA,NA,NA,4,1,"1",0,1,0,NA,NA,NA,NA,0,440,"Japan","JPN",NA,18,2241,"Japan","JPN",NA,NA,NA,NA,NA,NA,NA,NA,NA,NA,4,3,"3",1,0,2,NA,NA,NA,NA,FALSE,FALSE,FALSE
113,1,"Hockey","IHO","2;5;9;14;17;18;26;149;152;154;159;161;23062",20220203,FALSE,"2022-02-03T21:10:00","2022-02-03T13:10:00","2022-02-03T21:10:00","2022-02-03T13:10:00",FALSE,FALSE,TRUE,FALSE,FALSE,FALSE,TRUE,FALSE,FALSE,FALSE,FALSE,FALSE,220271,248580,"Group A",1,9,FALSE,248574,"Preliminary Round",248574,";5;161;","Finished","FINISHED","IHOWTEAM6-------------GPA-000200--",NA,NA,292,"https://stream.nbcolympics.com/beijing-olympics-hockey-womens-prelim-finland-usa",9608,"Women's Tournament","Women's Tournament",0,4,"Team","Team",NA,2,"Women","W","2022-02-03T21:10:00","/Date(1643922600000+0000)/",20220203,"2022-02-03T13:10:00","/Date(1643893800000+0000)/",20220203,"2022-02-03T23:30:42.933","/Date(1643931042933+0000)/",20220203,"2022-02-03T15:30:42.933","/Date(1643902242933+0000)/",20220203,40587,"Wukesong Sports Centre",NA,3647,"Beijing",NA,2770,"China","CHN",746569,NA,2,NA,FALSE,NA,NA,0,589,"Finland","FIN",NA,161,2237,"Finland","FIN",NA,NA,NA,NA,NA,NA,NA,NA,NA,NA,4,2,"2",0,0,2,NA,NA,NA,NA,0,274,"United States","USA",NA,5,2209,"United States","USA",NA,NA,NA,NA,NA,NA,NA,NA,NA,NA,4,5,"5",2,2,1,NA,NA,NA,NA,FALSE,FALSE,FALSE
113,1,"Hockey","IHO","2;5;9;14;17;18;26;149;152;154;159;161;23062",20220204,FALSE,"2022-02-04T12:10:00","2022-02-04T04:10:00","2022-02-04T12:10:00","2022-02-04T04:10:00",FALSE,FALSE,TRUE,FALSE,FALSE,FALSE,TRUE,FALSE,FALSE,FALSE,FALSE,FALSE,220271,248580,"Group A",1,9,FALSE,248574,"Preliminary Round",248574,";149;23062;","Finished","FINISHED","IHOWTEAM6-------------GPA-000300--",NA,NA,262,"https://stream.nbcolympics.com/beijing-olympics-hockey-womens-prelim-roc-switzerland",9608,"Women's Tournament","Women's Tournament",0,4,"Team","Team",NA,2,"Women","W","2022-02-04T12:10:00","/Date(1643976600000+0000)/",20220204,"2022-02-04T04:10:00","/Date(1643947800000+0000)/",20220204,"2022-02-04T14:18:40.113","/Date(1643984320113+0000)/",20220204,"2022-02-04T06:18:40.113","/Date(1643955520113+0000)/",20220204,41395,"National Indoor Stadium",NA,3647,"Beijing",NA,2770,"China","CHN",746570,NA,1,NA,FALSE,NA,NA,0,64037,"ROC","ROC",NA,23062,73035,"ROC","ROC",NA,NA,NA,NA,NA,NA,NA,NA,NA,NA,4,5,"5",2,2,1,NA,NA,NA,NA,0,522,"Switzerland","SUI",NA,149,2213,"Switzerland","SUI",NA,NA,NA,NA,NA,NA,NA,NA,NA,NA,4,2,"2",1,1,0,NA,NA,NA,NA,FALSE,FALSE,FALSE
113,1,"Hockey","IHO","2;5;9;14;17;18;26;149;152;154;159;161;23062",20220204,FALSE,"2022-02-04T12:10:00","2022-02-04T04:10:00","2022-02-04T12:10:00","2022-02-04T04:10:00",FALSE,FALSE,TRUE,FALSE,FALSE,FALSE,TRUE,FALSE,FALSE,FALSE,FALSE,FALSE,220271,248581,"Group B",2,9,FALSE,248574,"Preliminary Round",248574,";26;152;","Finished","FINISHED","IHOWTEAM6-------------GPB-000300--",NA,NA,293,"https://stream.nbcolympics.com/beijing-olympics-hockey-womens-prelim-denmark-china",9608,"Women's Tournament","Women's Tournament",0,4,"Team","Team",NA,2,"Women","W","2022-02-04T12:10:00","/Date(1643976600000+0000)/",20220204,"2022-02-04T04:10:00","/Date(1643947800000+0000)/",20220204,"2022-02-04T14:25:00","/Date(1643984700000+0000)/",20220204,"2022-02-04T06:25:00","/Date(1643955900000+0000)/",20220204,40587,"Wukesong Sports Centre",NA,3647,"Beijing",NA,2770,"China","CHN",746576,NA,2,NA,FALSE,NA,NA,0,599,"Denmark","DEN",NA,152,2220,"Denmark","DEN",NA,NA,NA,NA,NA,NA,NA,NA,NA,NA,4,1,"1",1,0,0,NA,NA,NA,NA,0,767,"China","CHN",NA,26,2770,"China","CHN",NA,NA,NA,NA,NA,NA,NA,NA,NA,NA,4,3,"3",0,1,2,NA,NA,NA,NA,FALSE,FALSE,FALSE
113,1,"Hockey","IHO","2;5;9;14;17;18;26;149;152;154;159;161;23062",20220205,FALSE,"2022-02-05T12:10:00","2022-02-05T04:10:00","2022-02-05T12:10:00","2022-02-05T04:10:00",FALSE,FALSE,TRUE,FALSE,FALSE,FALSE,TRUE,FALSE,FALSE,FALSE,FALSE,FALSE,220271,248580,"Group A",1,9,FALSE,248574,"Preliminary Round",248574,";159;161;","Finished","FINISHED","IHOWTEAM6-------------GPA-000400--",NA,NA,294,"https://stream.nbcolympics.com/beijing-olympics-hockey-womens-prelim-canada-finland",9608,"Women's Tournament","Women's Tournament",0,4,"Team","Team",NA,2,"Women","W","2022-02-05T12:10:00","/Date(1644063000000+0000)/",20220205,"2022-02-05T04:10:00","/Date(1644034200000+0000)/",20220205,"2022-02-05T14:23:39.727","/Date(1644071019727+0000)/",20220205,"2022-02-05T06:23:39.727","/Date(1644042219727+0000)/",20220205,40587,"Wukesong Sports Centre",NA,3647,"Beijing",NA,2770,"China","CHN",746573,NA,1,NA,FALSE,NA,NA,0,140,"Canada","CAN",NA,159,2231,"Canada","CAN",NA,NA,NA,NA,NA,NA,NA,NA,NA,NA,4,11,"11",2,5,4,NA,NA,NA,NA,0,589,"Finland","FIN",NA,161,2237,"Finland","FIN",NA,NA,NA,NA,NA,NA,NA,NA,NA,NA,4,1,"1",1,0,0,NA,NA,NA,NA,FALSE,FALSE,FALSE
113,1,"Hockey","IHO","2;5;9;14;17;18;26;149;152;154;159;161;23062",20220205,FALSE,"2022-02-05T16:40:00","2022-02-05T08:40:00","2022-02-05T16:40:00","2022-02-05T08:40:00",FALSE,FALSE,TRUE,FALSE,FALSE,FALSE,TRUE,FALSE,FALSE,FALSE,FALSE,FALSE,220271,248581,"Group B",2,9,FALSE,248574,"Preliminary Round",248574,";18;152;","Finished","FINISHED","IHOWTEAM6-------------GPB-000400--",NA,NA,295,"https://stream.nbcolympics.com/beijing-olympics-hockey-womens-den-jpn",9608,"Women's Tournament","Women's Tournament",0,4,"Team","Team",NA,2,"Women","W","2022-02-05T16:40:00","/Date(1644079200000+0000)/",20220205,"2022-02-05T08:40:00","/Date(1644050400000+0000)/",20220205,"2022-02-05T18:47:18.140","/Date(1644086838140+0000)/",20220205,"2022-02-05T10:47:18.140","/Date(1644058038140+0000)/",20220205,40587,"Wukesong Sports Centre",NA,3647,"Beijing",NA,2770,"China","CHN",746575,NA,1,NA,FALSE,NA,NA,0,440,"Japan","JPN",NA,18,2241,"Japan","JPN",NA,NA,NA,NA,NA,NA,NA,NA,NA,NA,4,6,"6",3,2,1,NA,NA,NA,NA,0,599,"Denmark","DEN",NA,152,2220,"Denmark","DEN",NA,NA,NA,NA,NA,NA,NA,NA,NA,NA,4,2,"2",0,1,1,NA,NA,NA,NA,FALSE,FALSE,FALSE
113,1,"Hockey","IHO","2;5;9;14;17;18;26;149;152;154;159;161;23062",20220205,FALSE,"2022-02-05T16:40:00","2022-02-05T08:40:00","2022-02-05T16:40:00","2022-02-05T08:40:00",FALSE,FALSE,TRUE,FALSE,FALSE,FALSE,TRUE,FALSE,FALSE,FALSE,FALSE,FALSE,220271,248581,"Group B",2,9,FALSE,248574,"Preliminary Round",248574,";17;154;","Finished","FINISHED","IHOWTEAM6-------------GPB-000500--",NA,NA,263,"https://stream.nbcolympics.com/beijing-olympics-hockey-womens-prelim-czech-republic-sweden",9608,"Women's Tournament","Women's Tournament",0,4,"Team","Team",NA,2,"Women","W","2022-02-05T16:40:00","/Date(1644079200000+0000)/",20220205,"2022-02-05T08:40:00","/Date(1644050400000+0000)/",20220205,"2022-02-05T18:51:25.923","/Date(1644087085923+0000)/",20220205,"2022-02-05T10:51:25.923","/Date(1644058285923+0000)/",20220205,41395,"National Indoor Stadium",NA,3647,"Beijing",NA,2770,"China","CHN",746578,NA,1,NA,FALSE,NA,NA,0,2832,"Czech Republic","CZE",NA,17,2240,"Czech Republic","CZE",NA,NA,NA,NA,NA,NA,NA,NA,NA,NA,4,3,"3",1,1,1,NA,NA,NA,NA,0,808,"Sweden","SWE",NA,154,2222,"Sweden","SWE",NA,NA,NA,NA,NA,NA,NA,NA,NA,NA,4,1,"1",0,1,0,NA,NA,NA,NA,FALSE,FALSE,FALSE
113,1,"Hockey","IHO","2;5;9;14;17;18;26;149;152;154;159;161;23062",20220205,FALSE,"2022-02-05T21:10:00","2022-02-05T13:10:00","2022-02-05T21:10:00","2022-02-05T13:10:00",FALSE,FALSE,TRUE,FALSE,FALSE,FALSE,TRUE,FALSE,FALSE,FALSE,FALSE,FALSE,220271,248580,"Group A",1,9,FALSE,248574,"Preliminary Round",248574,";5;23062;","Finished","FINISHED","IHOWTEAM6-------------GPA-000500--",NA,NA,296,"https://stream.nbcolympics.com/beijing-olympics-hockey-womens-prelim-usa-roc",9608,"Women's Tournament","Women's Tournament",0,4,"Team","Team",NA,2,"Women","W","2022-02-05T21:10:00","/Date(1644095400000+0000)/",20220205,"2022-02-05T13:10:00","/Date(1644066600000+0000)/",20220205,"2022-02-05T23:29:16.477","/Date(1644103756477+0000)/",20220205,"2022-02-05T15:29:16.477","/Date(1644074956477+0000)/",20220205,40587,"Wukesong Sports Centre",NA,3647,"Beijing",NA,2770,"China","CHN",746568,NA,1,NA,FALSE,NA,NA,0,274,"United States","USA",NA,5,2209,"United States","USA",NA,NA,NA,NA,NA,NA,NA,NA,NA,NA,4,5,"5",1,1,3,NA,NA,NA,NA,0,64037,"ROC","ROC",NA,23062,73035,"ROC","ROC",NA,NA,NA,NA,NA,NA,NA,NA,NA,NA,4,0,"0",0,0,0,NA,NA,NA,NA,FALSE,FALSE,FALSE
113,1,"Hockey","IHO","2;5;9;14;17;18;26;149;152;154;159;161;23062",20220206,FALSE,"2022-02-06T16:40:00","2022-02-06T08:40:00","2022-02-06T16:40:00","2022-02-06T08:40:00",FALSE,FALSE,TRUE,FALSE,FALSE,FALSE,TRUE,FALSE,FALSE,FALSE,FALSE,FALSE,220271,248581,"Group B",2,9,FALSE,248574,"Preliminary Round",248574,";18;26;","Finished","FINISHED","IHOWTEAM6-------------GPB-000600--",NA,NA,297,"https://stream.nbcolympics.com/beijing-olympics-hockey-womens-prelim-china-japan",9608,"Women's Tournament","Women's Tournament",0,4,"Team","Team",NA,2,"Women","W","2022-02-06T16:40:00","/Date(1644165600000+0000)/",20220206,"2022-02-06T08:40:00","/Date(1644136800000+0000)/",20220206,"2022-02-06T19:04:46.527","/Date(1644174286527+0000)/",20220206,"2022-02-06T11:04:46.527","/Date(1644145486527+0000)/",20220206,40587,"Wukesong Sports Centre",NA,3647,"Beijing",NA,2770,"China","CHN",746577,NA,1,NA,FALSE,NA,NA,0,767,"China","CHN",NA,26,2770,"China","CHN",NA,NA,NA,NA,NA,NA,NA,NA,NA,NA,4,2,"2",0,0,1,0,1,NA,NA,0,440,"Japan","JPN",NA,18,2241,"Japan","JPN",NA,NA,NA,NA,NA,NA,NA,NA,NA,NA,4,1,"1",1,0,0,0,0,NA,NA,FALSE,FALSE,FALSE
113,1,"Hockey","IHO","2;5;9;14;17;18;26;149;152;154;159;161;23062",20220206,FALSE,"2022-02-06T21:10:00","2022-02-06T13:10:00","2022-02-06T21:10:00","2022-02-06T13:10:00",FALSE,FALSE,TRUE,FALSE,FALSE,FALSE,TRUE,FALSE,FALSE,FALSE,FALSE,FALSE,220271,248580,"Group A",1,9,FALSE,248574,"Preliminary Round",248574,";5;149;","Finished","FINISHED","IHOWTEAM6-------------GPA-000600--",NA,NA,298,"https://stream.nbcolympics.com/beijing-olympics-hockey-womens-prelim-switzerland-usa",9608,"Women's Tournament","Women's Tournament",0,4,"Team","Team",NA,2,"Women","W","2022-02-06T21:10:00","/Date(1644181800000+0000)/",20220206,"2022-02-06T13:10:00","/Date(1644153000000+0000)/",20220206,"2022-02-06T23:22:55.880","/Date(1644189775880+0000)/",20220206,"2022-02-06T15:22:55.880","/Date(1644160975880+0000)/",20220206,40587,"Wukesong Sports Centre",NA,3647,"Beijing",NA,2770,"China","CHN",746571,NA,2,NA,FALSE,NA,NA,0,522,"Switzerland","SUI",NA,149,2213,"Switzerland","SUI",NA,NA,NA,NA,NA,NA,NA,NA,NA,NA,4,0,"0",0,0,0,NA,NA,NA,NA,0,274,"United States","USA",NA,5,2209,"United States","USA",NA,NA,NA,NA,NA,NA,NA,NA,NA,NA,4,8,"8",5,2,1,NA,NA,NA,NA,FALSE,FALSE,FALSE
113,1,"Hockey","IHO","2;5;9;14;17;18;26;149;152;154;159;161;23062",20220207,FALSE,"2022-02-07T13:15:00","2022-02-07T05:15:00","2022-02-07T13:15:00","2022-02-07T05:15:00",FALSE,FALSE,TRUE,FALSE,FALSE,FALSE,TRUE,FALSE,FALSE,FALSE,FALSE,FALSE,220271,248580,"Group A",1,9,FALSE,248574,"Preliminary Round",248574,";159;23062;","Finished","FINISHED","IHOWTEAM6-------------GPA-000700--",NA,NA,299,"https://stream.nbcolympics.com/beijing-olympics-hockey-womens-prelim-canada-roc",9608,"Women's Tournament","Women's Tournament",0,4,"Team","Team",NA,2,"Women","W","2022-02-07T13:15:00","/Date(1644239700000+0000)/",20220207,"2022-02-07T05:15:00","/Date(1644210900000+0000)/",20220207,"2022-02-07T15:32:25.073","/Date(1644247945073+0000)/",20220207,"2022-02-07T07:32:25.073","/Date(1644219145073+0000)/",20220207,40587,"Wukesong Sports Centre",NA,3647,"Beijing",NA,2770,"China","CHN",747024,NA,2,NA,FALSE,NA,NA,0,64037,"ROC","ROC",NA,23062,73035,"ROC","ROC",NA,NA,NA,NA,NA,NA,NA,NA,NA,NA,4,1,"1",0,1,0,NA,NA,NA,NA,0,140,"Canada","CAN",NA,159,2231,"Canada","CAN",NA,NA,NA,NA,NA,NA,NA,NA,NA,NA,4,6,"6",2,2,2,NA,NA,NA,NA,FALSE,FALSE,FALSE
113,1,"Hockey","IHO","2;5;9;14;17;18;26;149;152;154;159;161;23062",20220207,FALSE,"2022-02-07T16:40:00","2022-02-07T08:40:00","2022-02-07T16:40:00","2022-02-07T08:40:00",FALSE,FALSE,TRUE,FALSE,FALSE,FALSE,TRUE,FALSE,FALSE,FALSE,FALSE,FALSE,220271,248581,"Group B",2,9,FALSE,248574,"Preliminary Round",248574,";17;152;","Finished","FINISHED","IHOWTEAM6-------------GPB-000700--",NA,NA,300,"https://stream.nbcolympics.com/beijing-olympics-hockey-womens-prelim-czech-republic-denmark",9608,"Women's Tournament","Women's Tournament",0,4,"Team","Team",NA,2,"Women","W","2022-02-07T16:40:00","/Date(1644252000000+0000)/",20220207,"2022-02-07T08:40:00","/Date(1644223200000+0000)/",20220207,"2022-02-07T18:55:00","/Date(1644260100000+0000)/",20220207,"2022-02-07T10:55:00","/Date(1644231300000+0000)/",20220207,40587,"Wukesong Sports Centre",NA,3647,"Beijing",NA,2770,"China","CHN",747028,NA,1,NA,FALSE,NA,NA,0,599,"Denmark","DEN",NA,152,2220,"Denmark","DEN",NA,NA,NA,NA,NA,NA,NA,NA,NA,NA,4,3,"3",1,1,1,NA,NA,NA,NA,0,2832,"Czech Republic","CZE",NA,17,2240,"Czech Republic","CZE",NA,NA,NA,NA,NA,NA,NA,NA,NA,NA,4,2,"2",1,1,0,NA,NA,NA,NA,FALSE,FALSE,FALSE
113,1,"Hockey","IHO","2;5;9;14;17;18;26;149;152;154;159;161;23062",20220207,FALSE,"2022-02-07T21:10:00","2022-02-07T13:10:00","2022-02-07T21:10:00","2022-02-07T13:10:00",FALSE,FALSE,TRUE,FALSE,FALSE,FALSE,TRUE,FALSE,FALSE,FALSE,FALSE,FALSE,220271,248581,"Group B",2,9,FALSE,248574,"Preliminary Round",248574,";26;154;","Finished","FINISHED","IHOWTEAM6-------------GPB-000800--",NA,NA,301,"https://stream.nbcolympics.com/beijing-olympics-hockey-womens-prelim-sweden-china",9608,"Women's Tournament","Women's Tournament",0,4,"Team","Team",NA,2,"Women","W","2022-02-07T21:10:00","/Date(1644268200000+0000)/",20220207,"2022-02-07T13:10:00","/Date(1644239400000+0000)/",20220207,"2022-02-07T23:11:18.040","/Date(1644275478040+0000)/",20220207,"2022-02-07T15:11:18.040","/Date(1644246678040+0000)/",20220207,40587,"Wukesong Sports Centre",NA,3647,"Beijing",NA,2770,"China","CHN",747029,NA,2,NA,FALSE,NA,NA,0,767,"China","CHN",NA,26,2770,"China","CHN",NA,NA,NA,NA,NA,NA,NA,NA,NA,NA,4,1,"1",1,0,0,NA,NA,NA,NA,0,808,"Sweden","SWE",NA,154,2222,"Sweden","SWE",NA,NA,NA,NA,NA,NA,NA,NA,NA,NA,4,2,"2",0,2,0,NA,NA,NA,NA,FALSE,FALSE,FALSE
113,1,"Hockey","IHO","2;5;9;14;17;18;26;149;152;154;159;161;23062",20220207,FALSE,"2022-02-07T21:10:00","2022-02-07T13:10:00","2022-02-07T21:10:00","2022-02-07T13:10:00",FALSE,FALSE,TRUE,FALSE,FALSE,FALSE,TRUE,FALSE,FALSE,FALSE,FALSE,FALSE,220271,248580,"Group A",1,9,FALSE,248574,"Preliminary Round",248574,";149;161;","Finished","FINISHED","IHOWTEAM6-------------GPA-000800--",NA,NA,264,"https://stream.nbcolympics.com/beijing-olympics-hockey-womens-prelim-finland-switzerland",9608,"Women's Tournament","Women's Tournament",0,4,"Team","Team",NA,2,"Women","W","2022-02-07T21:10:00","/Date(1644268200000+0000)/",20220207,"2022-02-07T13:10:00","/Date(1644239400000+0000)/",20220207,"2022-02-07T23:25:00","/Date(1644276300000+0000)/",20220207,"2022-02-07T15:25:00","/Date(1644247500000+0000)/",20220207,41395,"National Indoor Stadium",NA,3647,"Beijing",NA,2770,"China","CHN",747025,NA,1,NA,FALSE,NA,NA,0,522,"Switzerland","SUI",NA,149,2213,"Switzerland","SUI",NA,NA,NA,NA,NA,NA,NA,NA,NA,NA,4,3,"3",1,1,1,NA,NA,NA,NA,0,589,"Finland","FIN",NA,161,2237,"Finland","FIN",NA,NA,NA,NA,NA,NA,NA,NA,NA,NA,4,2,"2",0,1,1,NA,NA,NA,NA,FALSE,FALSE,FALSE
113,1,"Hockey","IHO","2;5;9;14;17;18;26;149;152;154;159;161;23062",20220208,FALSE,"2022-02-08T12:10:00","2022-02-08T04:10:00","2022-02-08T12:10:00","2022-02-08T04:10:00",FALSE,FALSE,TRUE,FALSE,FALSE,FALSE,TRUE,FALSE,FALSE,FALSE,FALSE,FALSE,220271,248580,"Group A",1,9,FALSE,248574,"Preliminary Round",248574,";5;159;","Finished","FINISHED","IHOWTEAM6-------------GPA-000900--",NA,NA,302,"https://stream.nbcolympics.com/beijing-olympics-hockey-womens-prelim-usa-canada",9608,"Women's Tournament","Women's Tournament",0,4,"Team","Team",NA,2,"Women","W","2022-02-08T12:10:00","/Date(1644322200000+0000)/",20220208,"2022-02-08T04:10:00","/Date(1644293400000+0000)/",20220208,"2022-02-08T14:22:05.213","/Date(1644330125213+0000)/",20220208,"2022-02-08T06:22:05.213","/Date(1644301325213+0000)/",20220208,40587,"Wukesong Sports Centre",NA,3647,"Beijing",NA,2770,"China","CHN",747026,NA,2,NA,FALSE,NA,NA,0,274,"United States","USA",NA,5,2209,"United States","USA",NA,NA,NA,NA,NA,NA,NA,NA,NA,NA,4,2,"2",0,2,0,NA,NA,NA,NA,0,140,"Canada","CAN",NA,159,2231,"Canada","CAN",NA,NA,NA,NA,NA,NA,NA,NA,NA,NA,4,4,"4",1,3,0,NA,NA,NA,NA,FALSE,FALSE,FALSE
113,1,"Hockey","IHO","2;5;9;14;17;18;26;149;152;154;159;161;23062",20220208,FALSE,"2022-02-08T16:40:00","2022-02-08T08:40:00","2022-02-08T16:40:00","2022-02-08T08:40:00",FALSE,FALSE,TRUE,FALSE,FALSE,FALSE,TRUE,FALSE,FALSE,FALSE,FALSE,FALSE,220271,248581,"Group B",2,9,FALSE,248574,"Preliminary Round",248574,";17;18;","Finished","FINISHED","IHOWTEAM6-------------GPB-000900--",NA,NA,303,"https://stream.nbcolympics.com/beijing-olympics-hockey-womens-prelim-japan-czech-Republic",9608,"Women's Tournament","Women's Tournament",0,4,"Team","Team",NA,2,"Women","W","2022-02-08T16:40:00","/Date(1644338400000+0000)/",20220208,"2022-02-08T08:40:00","/Date(1644309600000+0000)/",20220208,"2022-02-08T19:01:13.870","/Date(1644346873870+0000)/",20220208,"2022-02-08T11:01:13.870","/Date(1644318073870+0000)/",20220208,40587,"Wukesong Sports Centre",NA,3647,"Beijing",NA,2770,"China","CHN",747030,NA,1,NA,FALSE,NA,NA,0,440,"Japan","JPN",NA,18,2241,"Japan","JPN",NA,NA,NA,NA,NA,NA,NA,NA,NA,NA,4,3,"3",1,0,1,0,1,NA,NA,0,2832,"Czech Republic","CZE",NA,17,2240,"Czech Republic","CZE",NA,NA,NA,NA,NA,NA,NA,NA,NA,NA,4,2,"2",0,1,1,0,0,NA,NA,FALSE,FALSE,FALSE
113,1,"Hockey","IHO","2;5;9;14;17;18;26;149;152;154;159;161;23062",20220208,FALSE,"2022-02-08T21:10:00","2022-02-08T13:10:00","2022-02-08T21:10:00","2022-02-08T13:10:00",FALSE,FALSE,TRUE,FALSE,FALSE,FALSE,TRUE,FALSE,FALSE,FALSE,FALSE,FALSE,220271,248581,"Group B",2,9,FALSE,248574,"Preliminary Round",248574,";152;154;","Finished","FINISHED","IHOWTEAM6-------------GPB-001000--",NA,NA,304,"https://stream.nbcolympics.com/beijing-olympics-hockey-womens-prelim-sweden-denmark",9608,"Women's Tournament","Women's Tournament",0,4,"Team","Team",NA,2,"Women","W","2022-02-08T21:10:00","/Date(1644354600000+0000)/",20220208,"2022-02-08T13:10:00","/Date(1644325800000+0000)/",20220208,"2022-02-08T23:13:56.727","/Date(1644362036727+0000)/",20220208,"2022-02-08T15:13:56.727","/Date(1644333236727+0000)/",20220208,40587,"Wukesong Sports Centre",NA,3647,"Beijing",NA,2770,"China","CHN",747031,NA,1,NA,FALSE,NA,NA,0,808,"Sweden","SWE",NA,154,2222,"Sweden","SWE",NA,NA,NA,NA,NA,NA,NA,NA,NA,NA,4,3,"3",1,1,1,NA,NA,NA,NA,0,599,"Denmark","DEN",NA,152,2220,"Denmark","DEN",NA,NA,NA,NA,NA,NA,NA,NA,NA,NA,4,1,"1",0,1,0,NA,NA,NA,NA,FALSE,FALSE,FALSE
113,1,"Hockey","IHO","2;5;9;14;17;18;26;149;152;154;159;161;23062",20220208,FALSE,"2022-02-08T21:10:00","2022-02-08T13:10:00","2022-02-08T21:10:00","2022-02-08T13:10:00",FALSE,FALSE,TRUE,FALSE,FALSE,FALSE,TRUE,FALSE,FALSE,FALSE,FALSE,FALSE,220271,248580,"Group A",1,9,FALSE,248574,"Preliminary Round",248574,";161;23062;","Finished","FINISHED","IHOWTEAM6-------------GPA-001000--",NA,NA,265,"https://stream.nbcolympics.com/beijing-olympics-hockey-womens-prelim-roc-finland",9608,"Women's Tournament","Women's Tournament",0,4,"Team","Team",NA,2,"Women","W","2022-02-08T21:10:00","/Date(1644354600000+0000)/",20220208,"2022-02-08T13:10:00","/Date(1644325800000+0000)/",20220208,"2022-02-08T23:18:47.347","/Date(1644362327347+0000)/",20220208,"2022-02-08T15:18:47.347","/Date(1644333527347+0000)/",20220208,41395,"National Indoor Stadium",NA,3647,"Beijing",NA,2770,"China","CHN",747027,NA,1,NA,FALSE,NA,NA,0,589,"Finland","FIN",NA,161,2237,"Finland","FIN",NA,NA,NA,NA,NA,NA,NA,NA,NA,NA,4,5,"5",2,3,0,NA,NA,NA,NA,0,64037,"ROC","ROC",NA,23062,73035,"ROC","ROC",NA,NA,NA,NA,NA,NA,NA,NA,NA,NA,4,0,"0",0,0,0,NA,NA,NA,NA,FALSE,FALSE,FALSE
113,1,"Hockey","IHO","2;5;9;14;17;18;26;149;152;154;159;161;23062",20220209,FALSE,"2022-02-09T16:40:00","2022-02-09T08:40:00","2022-02-09T16:40:00","2022-02-09T08:40:00",FALSE,FALSE,TRUE,FALSE,FALSE,FALSE,TRUE,FALSE,FALSE,FALSE,FALSE,FALSE,220270,248614,"Group B",2,7,FALSE,248600,"Preliminary Round",248600,";149;23062;","Finished","FINISHED","IHOMTEAM6-------------GPB-000100--",NA,NA,266,"https://stream.nbcolympics.com/beijing-olympics-hockey-mens-prelim-roc-switzerland",9592,"Men's Tournament","Men's Tournament",0,4,"Team","Team",NA,1,"Men","M","2022-02-09T16:40:00","/Date(1644424800000+0000)/",20220209,"2022-02-09T08:40:00","/Date(1644396000000+0000)/",20220209,"2022-02-09T19:03:11.803","/Date(1644433391803+0000)/",20220209,"2022-02-09T11:03:11.803","/Date(1644404591803+0000)/",20220209,41395,"National Indoor Stadium",NA,3647,"Beijing",NA,2770,"China","CHN",746609,NA,1,NA,FALSE,NA,NA,0,64005,"ROC","ROC",NA,23062,73035,"ROC","ROC",NA,NA,NA,NA,NA,NA,NA,NA,NA,NA,4,1,"1",1,0,0,NA,NA,NA,NA,0,494,"Switzerland","SUI",NA,149,2213,"Switzerland","SUI",NA,NA,NA,NA,NA,NA,NA,NA,NA,NA,4,0,"0",0,0,0,NA,NA,NA,NA,FALSE,FALSE,FALSE
113,1,"Hockey","IHO","2;5;9;14;17;18;26;149;152;154;159;161;23062",20220209,FALSE,"2022-02-09T21:10:00","2022-02-09T13:10:00","2022-02-09T21:10:00","2022-02-09T13:10:00",FALSE,FALSE,TRUE,FALSE,FALSE,FALSE,TRUE,FALSE,FALSE,FALSE,FALSE,FALSE,220270,248614,"Group B",2,7,FALSE,248600,"Preliminary Round",248600,";17;152;","Finished","FINISHED","IHOMTEAM6-------------GPB-000200--",NA,NA,267,"https://stream.nbcolympics.com/beijing-olympics-hockey-mens-prelim-czech-republic-denmark",9592,"Men's Tournament","Men's Tournament",0,4,"Team","Team",NA,1,"Men","M","2022-02-09T21:10:00","/Date(1644441000000+0000)/",20220209,"2022-02-09T13:10:00","/Date(1644412200000+0000)/",20220209,"2022-02-09T23:19:55.537","/Date(1644448795537+0000)/",20220209,"2022-02-09T15:19:55.537","/Date(1644419995537+0000)/",20220209,41395,"National Indoor Stadium",NA,3647,"Beijing",NA,2770,"China","CHN",746611,NA,2,NA,FALSE,NA,NA,0,451,"Czech Republic","CZE",NA,17,2240,"Czech Republic","CZE",NA,NA,NA,NA,NA,NA,NA,NA,NA,NA,4,1,"1",0,1,0,NA,NA,NA,NA,0,581,"Denmark","DEN",NA,152,2220,"Denmark","DEN",NA,NA,NA,NA,NA,NA,NA,NA,NA,NA,4,2,"2",2,0,0,NA,NA,NA,NA,FALSE,FALSE,FALSE
113,1,"Hockey","IHO","2;5;9;14;17;18;26;149;152;154;159;161;23062",20220210,FALSE,"2022-02-10T12:10:00","2022-02-10T04:10:00","2022-02-10T12:10:00","2022-02-10T04:10:00",FALSE,FALSE,TRUE,FALSE,FALSE,FALSE,TRUE,FALSE,FALSE,FALSE,FALSE,FALSE,220270,248613,"Group C",3,7,FALSE,248600,"Preliminary Round",248600,";9;154;","Finished","FINISHED","IHOMTEAM6-------------GPC-000100--",NA,NA,268,"https://stream.nbcolympics.com/beijing-olympics-hockey-mens-prelim-sweden-latvia",9592,"Men's Tournament","Men's Tournament",0,4,"Team","Team",NA,1,"Men","M","2022-02-10T12:10:00","/Date(1644495000000+0000)/",20220210,"2022-02-10T04:10:00","/Date(1644466200000+0000)/",20220210,"2022-02-10T14:28:08.917","/Date(1644503288917+0000)/",20220210,"2022-02-10T06:28:08.917","/Date(1644474488917+0000)/",20220210,41395,"National Indoor Stadium",NA,3647,"Beijing",NA,2770,"China","CHN",746601,NA,1,NA,FALSE,NA,NA,0,778,"Sweden","SWE",NA,154,2222,"Sweden","SWE",NA,NA,NA,NA,NA,NA,NA,NA,NA,NA,4,3,"3",1,2,0,NA,NA,NA,NA,0,444,"Latvia","LAT",NA,9,2218,"Latvia","LAT",NA,NA,NA,NA,NA,NA,NA,NA,NA,NA,4,2,"2",0,1,1,NA,NA,NA,NA,FALSE,FALSE,FALSE
113,1,"Hockey","IHO","2;5;9;14;17;18;26;149;152;154;159;161;23062",20220210,FALSE,"2022-02-10T16:40:00","2022-02-10T08:40:00","2022-02-10T16:40:00","2022-02-10T08:40:00",FALSE,FALSE,TRUE,FALSE,FALSE,FALSE,TRUE,FALSE,FALSE,FALSE,FALSE,FALSE,220270,248613,"Group C",3,7,FALSE,248600,"Preliminary Round",248600,";14;161;","Finished","FINISHED","IHOMTEAM6-------------GPC-000200--",NA,NA,269,"https://stream.nbcolympics.com/beijing-olympics-hockey-mens-prelim-finland-slovakia",9592,"Men's Tournament","Men's Tournament",0,4,"Team","Team",NA,1,"Men","M","2022-02-10T16:40:00","/Date(1644511200000+0000)/",20220210,"2022-02-10T08:40:00","/Date(1644482400000+0000)/",20220210,"2022-02-10T18:50:18.010","/Date(1644519018010+0000)/",20220210,"2022-02-10T10:50:18.010","/Date(1644490218010+0000)/",20220210,41395,"National Indoor Stadium",NA,3647,"Beijing",NA,2770,"China","CHN",746603,NA,1,NA,FALSE,NA,NA,0,556,"Finland","FIN",NA,161,2237,"Finland","FIN",NA,NA,NA,NA,NA,NA,NA,NA,NA,NA,4,6,"6",3,1,2,NA,NA,NA,NA,0,696,"Slovakia","SVK",NA,14,2233,"Slovakia","SVK",NA,NA,NA,NA,NA,NA,NA,NA,NA,NA,4,2,"2",1,1,0,NA,NA,NA,NA,FALSE,FALSE,FALSE
113,1,"Hockey","IHO","2;5;9;14;17;18;26;149;152;154;159;161;23062",20220210,FALSE,"2022-02-10T21:10:00","2022-02-10T13:10:00","2022-02-10T21:10:00","2022-02-10T13:10:00",FALSE,FALSE,TRUE,FALSE,FALSE,FALSE,TRUE,FALSE,FALSE,FALSE,FALSE,FALSE,220270,248615,"Group A",1,7,FALSE,248600,"Preliminary Round",248600,";2;159;","Finished","FINISHED","IHOMTEAM6-------------GPA-000200--",NA,NA,305,"https://stream.nbcolympics.com/beijing-olympics-hockey-mens-prelim-canada-germany",9592,"Men's Tournament","Men's Tournament",0,4,"Team","Team",NA,1,"Men","M","2022-02-10T21:10:00","/Date(1644527400000+0000)/",20220210,"2022-02-10T13:10:00","/Date(1644498600000+0000)/",20220210,"2022-02-10T23:23:21.897","/Date(1644535401897+0000)/",20220210,"2022-02-10T15:23:21.897","/Date(1644506601897+0000)/",20220210,40587,"Wukesong Sports Centre",NA,3647,"Beijing",NA,2770,"China","CHN",746612,NA,1,NA,FALSE,NA,NA,0,107,"Canada","CAN",NA,159,2231,"Canada","CAN",NA,NA,NA,NA,NA,NA,NA,NA,NA,NA,4,5,"5",3,1,1,NA,NA,NA,NA,0,613,"Germany","GER",NA,2,2206,"Germany","GER",NA,NA,NA,NA,NA,NA,NA,NA,NA,NA,4,1,"1",0,1,0,NA,NA,NA,NA,FALSE,FALSE,FALSE
113,1,"Hockey","IHO","2;5;9;14;17;18;26;149;152;154;159;161;23062",20220210,FALSE,"2022-02-10T21:10:00","2022-02-10T13:10:00","2022-02-10T21:10:00","2022-02-10T13:10:00",FALSE,FALSE,TRUE,FALSE,FALSE,FALSE,TRUE,FALSE,FALSE,FALSE,FALSE,FALSE,220270,248615,"Group A",1,7,FALSE,248600,"Preliminary Round",248600,";5;26;","Finished","FINISHED","IHOMTEAM6-------------GPA-000100--",NA,NA,270,"https://stream.nbcolympics.com/beijing-olympics-hockey-mens-prelim-usa-china",9592,"Men's Tournament","Men's Tournament",0,4,"Team","Team",NA,1,"Men","M","2022-02-10T21:10:00","/Date(1644527400000+0000)/",20220210,"2022-02-10T13:10:00","/Date(1644498600000+0000)/",20220210,"2022-02-10T23:25:10.177","/Date(1644535510177+0000)/",20220210,"2022-02-10T15:25:10.177","/Date(1644506710177+0000)/",20220210,41395,"National Indoor Stadium",NA,3647,"Beijing",NA,2770,"China","CHN",746617,NA,1,NA,FALSE,NA,NA,0,265,"United States","USA",NA,5,2209,"United States","USA",NA,NA,NA,NA,NA,NA,NA,NA,NA,NA,4,8,"8",1,3,4,NA,NA,NA,NA,0,1152,"China","CHN",NA,26,2770,"China","CHN",NA,NA,NA,NA,NA,NA,NA,NA,NA,NA,4,0,"0",0,0,0,NA,NA,NA,NA,FALSE,FALSE,FALSE
113,1,"Hockey","IHO","2;5;9;14;17;18;26;149;152;154;159;161;23062",20220211,FALSE,"2022-02-11T12:10:00","2022-02-11T04:10:00","2022-02-11T12:10:00","2022-02-11T04:10:00",FALSE,FALSE,TRUE,FALSE,FALSE,FALSE,TRUE,FALSE,FALSE,FALSE,FALSE,FALSE,220270,248614,"Group B",2,7,FALSE,248600,"Preliminary Round",248600,";152;23062;","Finished","FINISHED","IHOMTEAM6-------------GPB-000300--",NA,NA,271,"https://stream.nbcolympics.com/beijing-olympics-hockey-mens-prelim-denmark-roc",9592,"Men's Tournament","Men's Tournament",0,4,"Team","Team",NA,1,"Men","M","2022-02-11T12:10:00","/Date(1644581400000+0000)/",20220211,"2022-02-11T04:10:00","/Date(1644552600000+0000)/",20220211,"2022-02-11T14:21:00.297","/Date(1644589260297+0000)/",20220211,"2022-02-11T06:21:00.297","/Date(1644560460297+0000)/",20220211,41395,"National Indoor Stadium",NA,3647,"Beijing",NA,2770,"China","CHN",746608,NA,2,NA,FALSE,NA,NA,0,581,"Denmark","DEN",NA,152,2220,"Denmark","DEN",NA,NA,NA,NA,NA,NA,NA,NA,NA,NA,4,0,"0",0,0,0,NA,NA,NA,NA,0,64005,"ROC","ROC",NA,23062,73035,"ROC","ROC",NA,NA,NA,NA,NA,NA,NA,NA,NA,NA,4,2,"2",0,1,1,NA,NA,NA,NA,FALSE,FALSE,FALSE
113,1,"Hockey","IHO","2;5;9;14;17;18;26;149;152;154;159;161;23062",20220211,FALSE,"2022-02-11T12:10:00","2022-02-11T04:10:00","2022-02-11T12:10:00","2022-02-11T04:10:00",FALSE,FALSE,TRUE,FALSE,FALSE,FALSE,TRUE,FALSE,FALSE,FALSE,FALSE,FALSE,220271,248575,"Quarterfinals",1,6,TRUE,248575,"Quarterfinals",113024001,";5;17;","Finished","FINISHED","IHOWTEAM6-------------QFNL000100--",NA,NA,308,"https://stream.nbcolympics.com/beijing-olympics-hockey-womens-quarterfinal-1",9608,"Women's Tournament","Women's Tournament",0,4,"Team","Team",NA,2,"Women","W","2022-02-11T12:10:00","/Date(1644581400000+0000)/",20220211,"2022-02-11T04:10:00","/Date(1644552600000+0000)/",20220211,"2022-02-11T14:25:00","/Date(1644589500000+0000)/",20220211,"2022-02-11T06:25:00","/Date(1644560700000+0000)/",20220211,40587,"Wukesong Sports Centre",NA,3647,"Beijing",NA,2770,"China","CHN",747021,"Quarterfinals",1,NA,FALSE,NA,NA,0,274,"United States","USA",NA,5,2209,"United States","USA",NA,NA,NA,NA,NA,NA,NA,NA,NA,NA,4,4,"4",0,1,3,NA,NA,NA,NA,0,2832,"Czech Republic","CZE",NA,17,2240,"Czech Republic","CZE",NA,NA,NA,NA,NA,NA,NA,NA,NA,NA,4,1,"1",0,1,0,NA,NA,NA,NA,FALSE,FALSE,FALSE
113,1,"Hockey","IHO","2;5;9;14;17;18;26;149;152;154;159;161;23062",20220211,FALSE,"2022-02-11T16:40:00","2022-02-11T08:40:00","2022-02-11T16:40:00","2022-02-11T08:40:00",FALSE,FALSE,TRUE,FALSE,FALSE,FALSE,TRUE,FALSE,FALSE,FALSE,FALSE,FALSE,220270,248613,"Group C",3,7,FALSE,248600,"Preliminary Round",248600,";14;154;","Finished","FINISHED","IHOMTEAM6-------------GPC-000300--",NA,NA,307,"https://stream.nbcolympics.com/beijing-olympics-hockey-mens-prelim-sweden-slovakia",9592,"Men's Tournament","Men's Tournament",0,4,"Team","Team",NA,1,"Men","M","2022-02-11T16:40:00","/Date(1644597600000+0000)/",20220211,"2022-02-11T08:40:00","/Date(1644568800000+0000)/",20220211,"2022-02-11T18:54:55.080","/Date(1644605695080+0000)/",20220211,"2022-02-11T10:54:55.080","/Date(1644576895080+0000)/",20220211,40587,"Wukesong Sports Centre",NA,3647,"Beijing",NA,2770,"China","CHN",746600,NA,1,NA,FALSE,NA,NA,0,778,"Sweden","SWE",NA,154,2222,"Sweden","SWE",NA,NA,NA,NA,NA,NA,NA,NA,NA,NA,4,4,"4",3,0,1,NA,NA,NA,NA,0,696,"Slovakia","SVK",NA,14,2233,"Slovakia","SVK",NA,NA,NA,NA,NA,NA,NA,NA,NA,NA,4,1,"1",0,0,1,NA,NA,NA,NA,FALSE,FALSE,FALSE
113,1,"Hockey","IHO","2;5;9;14;17;18;26;149;152;154;159;161;23062",20220211,FALSE,"2022-02-11T16:40:00","2022-02-11T08:40:00","2022-02-11T16:40:00","2022-02-11T08:40:00",FALSE,FALSE,TRUE,FALSE,FALSE,FALSE,TRUE,FALSE,FALSE,FALSE,FALSE,FALSE,220270,248614,"Group B",2,7,FALSE,248600,"Preliminary Round",248600,";17;149;","Finished","FINISHED","IHOMTEAM6-------------GPB-000400--",NA,NA,272,"https://stream.nbcolympics.com/beijing-olympics-hockey-mens-prelim-czech-republic-switzerland",9592,"Men's Tournament","Men's Tournament",0,4,"Team","Team",NA,1,"Men","M","2022-02-11T16:40:00","/Date(1644597600000+0000)/",20220211,"2022-02-11T08:40:00","/Date(1644568800000+0000)/",20220211,"2022-02-11T19:18:33.007","/Date(1644607113007+0000)/",20220211,"2022-02-11T11:18:33.007","/Date(1644578313007+0000)/",20220211,41395,"National Indoor Stadium",NA,3647,"Beijing",NA,2770,"China","CHN",746610,NA,1,NA,FALSE,NA,NA,0,451,"Czech Republic","CZE",NA,17,2240,"Czech Republic","CZE",NA,NA,NA,NA,NA,NA,NA,NA,NA,NA,4,2,"2",1,0,0,0,1,NA,NA,0,494,"Switzerland","SUI",NA,149,2213,"Switzerland","SUI",NA,NA,NA,NA,NA,NA,NA,NA,NA,NA,4,1,"1",1,0,0,0,0,NA,NA,FALSE,FALSE,FALSE
113,1,"Hockey","IHO","2;5;9;14;17;18;26;149;152;154;159;161;23062",20220211,FALSE,"2022-02-11T21:10:00","2022-02-11T13:10:00","2022-02-11T21:10:00","2022-02-11T13:10:00",FALSE,FALSE,TRUE,FALSE,FALSE,FALSE,TRUE,FALSE,FALSE,FALSE,FALSE,FALSE,220270,248613,"Group C",3,7,FALSE,248600,"Preliminary Round",248600,";9;161;","Finished","FINISHED","IHOMTEAM6-------------GPC-000400--",NA,NA,273,"https://stream.nbcolympics.com/beijing-olympics-hockey-mens-prelim-latvia-finland",9592,"Men's Tournament","Men's Tournament",0,4,"Team","Team",NA,1,"Men","M","2022-02-11T21:10:00","/Date(1644613800000+0000)/",20220211,"2022-02-11T13:10:00","/Date(1644585000000+0000)/",20220211,"2022-02-11T23:23:09.387","/Date(1644621789387+0000)/",20220211,"2022-02-11T15:23:09.387","/Date(1644592989387+0000)/",20220211,41395,"National Indoor Stadium",NA,3647,"Beijing",NA,2770,"China","CHN",746602,NA,2,NA,FALSE,NA,NA,0,444,"Latvia","LAT",NA,9,2218,"Latvia","LAT",NA,NA,NA,NA,NA,NA,NA,NA,NA,NA,4,1,"1",0,0,1,NA,NA,NA,NA,0,556,"Finland","FIN",NA,161,2237,"Finland","FIN",NA,NA,NA,NA,NA,NA,NA,NA,NA,NA,4,3,"3",0,1,2,NA,NA,NA,NA,FALSE,FALSE,FALSE
113,1,"Hockey","IHO","2;5;9;14;17;18;26;149;152;154;159;161;23062",20220211,FALSE,"2022-02-11T21:10:00","2022-02-11T13:10:00","2022-02-11T21:10:00","2022-02-11T13:10:00",FALSE,FALSE,TRUE,FALSE,FALSE,FALSE,TRUE,FALSE,FALSE,FALSE,FALSE,FALSE,220271,248575,"Quarterfinals",2,6,TRUE,248575,"Quarterfinals",113024001,";154;159;","Finished","FINISHED","IHOWTEAM6-------------QFNL000200--",NA,NA,306,"https://stream.nbcolympics.com/beijing-olympics-hockey-womens-quarterfinal-2",9608,"Women's Tournament","Women's Tournament",0,4,"Team","Team",NA,2,"Women","W","2022-02-11T21:10:00","/Date(1644613800000+0000)/",20220211,"2022-02-11T13:10:00","/Date(1644585000000+0000)/",20220211,"2022-02-11T23:25:00","/Date(1644621900000+0000)/",20220211,"2022-02-11T15:25:00","/Date(1644593100000+0000)/",20220211,40587,"Wukesong Sports Centre",NA,3647,"Beijing",NA,2770,"China","CHN",747020,"Quarterfinals",1,NA,FALSE,NA,NA,0,140,"Canada","CAN",NA,159,2231,"Canada","CAN",NA,NA,NA,NA,NA,NA,NA,NA,NA,NA,4,11,"11",4,5,2,NA,NA,NA,NA,0,808,"Sweden","SWE",NA,154,2222,"Sweden","SWE",NA,NA,NA,NA,NA,NA,NA,NA,NA,NA,4,0,"0",0,0,0,NA,NA,NA,NA,FALSE,FALSE,FALSE
113,1,"Hockey","IHO","2;5;9;14;17;18;26;149;152;154;159;161;23062",20220212,FALSE,"2022-02-12T12:10:00","2022-02-12T04:10:00","2022-02-12T12:10:00","2022-02-12T04:10:00",FALSE,FALSE,TRUE,FALSE,FALSE,FALSE,TRUE,FALSE,FALSE,FALSE,FALSE,FALSE,220270,248615,"Group A",1,7,FALSE,248600,"Preliminary Round",248600,";5;159;","Finished","FINISHED","IHOMTEAM6-------------GPA-000300--",NA,NA,274,"https://stream.nbcolympics.com/beijing-olympics-hockey-mens-prelim-canada-usa",9592,"Men's Tournament","Men's Tournament",0,4,"Team","Team",NA,1,"Men","M","2022-02-12T12:10:00","/Date(1644667800000+0000)/",20220212,"2022-02-12T04:10:00","/Date(1644639000000+0000)/",20220212,"2022-02-12T14:24:11.713","/Date(1644675851713+0000)/",20220212,"2022-02-12T06:24:11.713","/Date(1644647051713+0000)/",20220212,41395,"National Indoor Stadium",NA,3647,"Beijing",NA,2770,"China","CHN",746615,NA,2,NA,FALSE,NA,NA,0,107,"Canada","CAN",NA,159,2231,"Canada","CAN",NA,NA,NA,NA,NA,NA,NA,NA,NA,NA,4,2,"2",1,1,0,NA,NA,NA,NA,0,265,"United States","USA",NA,5,2209,"United States","USA",NA,NA,NA,NA,NA,NA,NA,NA,NA,NA,4,4,"4",2,1,1,NA,NA,NA,NA,FALSE,FALSE,FALSE
113,1,"Hockey","IHO","2;5;9;14;17;18;26;149;152;154;159;161;23062",20220212,FALSE,"2022-02-12T12:10:00","2022-02-12T04:10:00","2022-02-12T12:10:00","2022-02-12T04:10:00",FALSE,FALSE,TRUE,FALSE,FALSE,FALSE,TRUE,FALSE,FALSE,FALSE,FALSE,FALSE,220271,248575,"Quarterfinals",3,6,TRUE,248575,"Quarterfinals",113024001,";149;23062;","Finished","FINISHED","IHOWTEAM6-------------QFNL000300--",NA,NA,309,"https://stream.nbcolympics.com/beijing-olympics-hockey-womens-quarterfinal-3",9608,"Women's Tournament","Women's Tournament",0,4,"Team","Team",NA,2,"Women","W","2022-02-12T12:10:00","/Date(1644667800000+0000)/",20220212,"2022-02-12T04:10:00","/Date(1644639000000+0000)/",20220212,"2022-02-12T14:25:00","/Date(1644675900000+0000)/",20220212,"2022-02-12T06:25:00","/Date(1644647100000+0000)/",20220212,40587,"Wukesong Sports Centre",NA,3647,"Beijing",NA,2770,"China","CHN",747022,"Quarterfinals",2,NA,FALSE,NA,NA,0,64037,"ROC","ROC",NA,23062,73035,"ROC","ROC",NA,NA,NA,NA,NA,NA,NA,NA,NA,NA,4,2,"2",0,1,1,NA,NA,NA,NA,0,522,"Switzerland","SUI",NA,149,2213,"Switzerland","SUI",NA,NA,NA,NA,NA,NA,NA,NA,NA,NA,4,4,"4",0,1,3,NA,NA,NA,NA,FALSE,FALSE,FALSE
113,1,"Hockey","IHO","2;5;9;14;17;18;26;149;152;154;159;161;23062",20220212,FALSE,"2022-02-12T16:40:00","2022-02-12T08:40:00","2022-02-12T16:40:00","2022-02-12T08:40:00",FALSE,FALSE,TRUE,FALSE,FALSE,FALSE,TRUE,FALSE,FALSE,FALSE,FALSE,FALSE,220271,248575,"Quarterfinals",4,6,TRUE,248575,"Quarterfinals",113024001,";18;161;","Finished","FINISHED","IHOWTEAM6-------------QFNL000400--",NA,NA,310,"https://stream.nbcolympics.com/beijing-olympics-hockey-womens-quarterfinal-4",9608,"Women's Tournament","Women's Tournament",0,4,"Team","Team",NA,2,"Women","W","2022-02-12T16:40:00","/Date(1644684000000+0000)/",20220212,"2022-02-12T08:40:00","/Date(1644655200000+0000)/",20220212,"2022-02-12T18:50:08.530","/Date(1644691808530+0000)/",20220212,"2022-02-12T10:50:08.530","/Date(1644663008530+0000)/",20220212,40587,"Wukesong Sports Centre",NA,3647,"Beijing",NA,2770,"China","CHN",747023,"Quarterfinals",1,NA,FALSE,NA,NA,0,589,"Finland","FIN",NA,161,2237,"Finland","FIN",NA,NA,NA,NA,NA,NA,NA,NA,NA,NA,4,7,"7",2,2,3,NA,NA,NA,NA,0,440,"Japan","JPN",NA,18,2241,"Japan","JPN",NA,NA,NA,NA,NA,NA,NA,NA,NA,NA,4,1,"1",1,0,0,NA,NA,NA,NA,FALSE,FALSE,FALSE
113,1,"Hockey","IHO","2;5;9;14;17;18;26;149;152;154;159;161;23062",20220212,FALSE,"2022-02-12T16:40:00","2022-02-12T08:40:00","2022-02-12T16:40:00","2022-02-12T08:40:00",FALSE,FALSE,TRUE,FALSE,FALSE,FALSE,TRUE,FALSE,FALSE,FALSE,FALSE,FALSE,220270,248615,"Group A",1,7,FALSE,248600,"Preliminary Round",248600,";2;26;","Finished","FINISHED","IHOMTEAM6-------------GPA-000400--",NA,NA,275,"https://stream.nbcolympics.com/beijing-olympics-hockey-mens-prelim-germany-china",9592,"Men's Tournament","Men's Tournament",0,4,"Team","Team",NA,1,"Men","M","2022-02-12T16:40:00","/Date(1644684000000+0000)/",20220212,"2022-02-12T08:40:00","/Date(1644655200000+0000)/",20220212,"2022-02-12T18:58:36.547","/Date(1644692316547+0000)/",20220212,"2022-02-12T10:58:36.547","/Date(1644663516547+0000)/",20220212,41395,"National Indoor Stadium",NA,3647,"Beijing",NA,2770,"China","CHN",746616,NA,1,NA,FALSE,NA,NA,0,613,"Germany","GER",NA,2,2206,"Germany","GER",NA,NA,NA,NA,NA,NA,NA,NA,NA,NA,4,3,"3",2,1,0,NA,NA,NA,NA,0,1152,"China","CHN",NA,26,2770,"China","CHN",NA,NA,NA,NA,NA,NA,NA,NA,NA,NA,4,2,"2",0,1,1,NA,NA,NA,NA,FALSE,FALSE,FALSE
113,1,"Hockey","IHO","2;5;9;14;17;18;26;149;152;154;159;161;23062",20220212,FALSE,"2022-02-12T21:10:00","2022-02-12T13:10:00","2022-02-12T21:10:00","2022-02-12T13:10:00",FALSE,FALSE,TRUE,FALSE,FALSE,FALSE,TRUE,FALSE,FALSE,FALSE,FALSE,FALSE,220270,248614,"Group B",2,7,FALSE,248600,"Preliminary Round",248600,";149;152;","Finished","FINISHED","IHOMTEAM6-------------GPB-000600--",NA,NA,311,"https://stream.nbcolympics.com/beijing-olympics-hockey-mens-prelim-switzerland-denmark",9592,"Men's Tournament","Men's Tournament",0,4,"Team","Team",NA,1,"Men","M","2022-02-12T21:10:00","/Date(1644700200000+0000)/",20220212,"2022-02-12T13:10:00","/Date(1644671400000+0000)/",20220212,"2022-02-12T23:29:28.607","/Date(1644708568607+0000)/",20220212,"2022-02-12T15:29:28.607","/Date(1644679768607+0000)/",20220212,40587,"Wukesong Sports Centre",NA,3647,"Beijing",NA,2770,"China","CHN",746607,NA,2,NA,FALSE,NA,NA,0,494,"Switzerland","SUI",NA,149,2213,"Switzerland","SUI",NA,NA,NA,NA,NA,NA,NA,NA,NA,NA,4,3,"3",1,0,2,NA,NA,NA,NA,0,581,"Denmark","DEN",NA,152,2220,"Denmark","DEN",NA,NA,NA,NA,NA,NA,NA,NA,NA,NA,4,5,"5",0,3,2,NA,NA,NA,NA,FALSE,FALSE,FALSE
113,1,"Hockey","IHO","2;5;9;14;17;18;26;149;152;154;159;161;23062",20220212,FALSE,"2022-02-12T21:10:00","2022-02-12T13:10:00","2022-02-12T21:10:00","2022-02-12T13:10:00",FALSE,FALSE,TRUE,FALSE,FALSE,FALSE,TRUE,FALSE,FALSE,FALSE,FALSE,FALSE,220270,248614,"Group B",2,7,FALSE,248600,"Preliminary Round",248600,";17;23062;","Finished","FINISHED","IHOMTEAM6-------------GPB-000500--",NA,NA,276,"https://stream.nbcolympics.com/beijing-olympics-hockey-mens-prelim-roc-czech-republic",9592,"Men's Tournament","Men's Tournament",0,4,"Team","Team",NA,1,"Men","M","2022-02-12T21:10:00","/Date(1644700200000+0000)/",20220212,"2022-02-12T13:10:00","/Date(1644671400000+0000)/",20220212,"2022-02-12T23:39:48.050","/Date(1644709188050+0000)/",20220212,"2022-02-12T15:39:48.050","/Date(1644680388050+0000)/",20220212,41395,"National Indoor Stadium",NA,3647,"Beijing",NA,2770,"China","CHN",746606,NA,2,NA,FALSE,NA,NA,0,64005,"ROC","ROC",NA,23062,73035,"ROC","ROC",NA,NA,NA,NA,NA,NA,NA,NA,NA,NA,4,5,"5",1,1,3,0,NA,NA,NA,0,451,"Czech Republic","CZE",NA,17,2240,"Czech Republic","CZE",NA,NA,NA,NA,NA,NA,NA,NA,NA,NA,4,6,"6",1,2,2,1,NA,NA,NA,FALSE,FALSE,FALSE
113,1,"Hockey","IHO","2;5;9;14;17;18;26;149;152;154;159;161;23062",20220213,FALSE,"2022-02-13T12:10:00","2022-02-13T04:10:00","2022-02-13T12:10:00","2022-02-13T04:10:00",FALSE,FALSE,TRUE,FALSE,FALSE,FALSE,TRUE,FALSE,FALSE,FALSE,FALSE,FALSE,220270,248613,"Group C",3,7,FALSE,248600,"Preliminary Round",248600,";9;14;","Finished","FINISHED","IHOMTEAM6-------------GPC-000500--",NA,NA,277,"https://stream.nbcolympics.com/beijing-olympics-hockey-mens-prelim-slovakia-latvia",9592,"Men's Tournament","Men's Tournament",0,4,"Team","Team",NA,1,"Men","M","2022-02-13T12:10:00","/Date(1644754200000+0000)/",20220213,"2022-02-13T04:10:00","/Date(1644725400000+0000)/",20220213,"2022-02-13T14:21:38.647","/Date(1644762098647+0000)/",20220213,"2022-02-13T06:21:38.647","/Date(1644733298647+0000)/",20220213,41395,"National Indoor Stadium",NA,3647,"Beijing",NA,2770,"China","CHN",746604,NA,1,NA,FALSE,NA,NA,0,696,"Slovakia","SVK",NA,14,2233,"Slovakia","SVK",NA,NA,NA,NA,NA,NA,NA,NA,NA,NA,4,5,"5",1,2,2,NA,NA,NA,NA,0,444,"Latvia","LAT",NA,9,2218,"Latvia","LAT",NA,NA,NA,NA,NA,NA,NA,NA,NA,NA,4,2,"2",1,0,1,NA,NA,NA,NA,FALSE,FALSE,FALSE
113,1,"Hockey","IHO","2;5;9;14;17;18;26;149;152;154;159;161;23062",20220213,FALSE,"2022-02-13T16:40:00","2022-02-13T08:40:00","2022-02-13T16:40:00","2022-02-13T08:40:00",FALSE,FALSE,TRUE,FALSE,FALSE,FALSE,TRUE,FALSE,FALSE,FALSE,FALSE,FALSE,220270,248613,"Group C",3,7,FALSE,248600,"Preliminary Round",248600,";154;161;","Finished","FINISHED","IHOMTEAM6-------------GPC-000600--",NA,NA,278,"https://stream.nbcolympics.com/beijing-olympics-hockey-mens-prelim-finland-sweden",9592,"Men's Tournament","Men's Tournament",0,4,"Team","Team",NA,1,"Men","M","2022-02-13T16:40:00","/Date(1644770400000+0000)/",20220213,"2022-02-13T08:40:00","/Date(1644741600000+0000)/",20220213,"2022-02-13T19:11:33.993","/Date(1644779493993+0000)/",20220213,"2022-02-13T11:11:33.993","/Date(1644750693993+0000)/",20220213,41395,"National Indoor Stadium",NA,3647,"Beijing",NA,2770,"China","CHN",746605,NA,1,NA,FALSE,NA,NA,0,556,"Finland","FIN",NA,161,2237,"Finland","FIN",NA,NA,NA,NA,NA,NA,NA,NA,NA,NA,4,4,"4",0,0,3,1,NA,NA,NA,0,778,"Sweden","SWE",NA,154,2222,"Sweden","SWE",NA,NA,NA,NA,NA,NA,NA,NA,NA,NA,4,3,"3",0,3,0,0,NA,NA,NA,FALSE,FALSE,FALSE
113,1,"Hockey","IHO","2;5;9;14;17;18;26;149;152;154;159;161;23062",20220213,FALSE,"2022-02-13T21:10:00","2022-02-13T13:10:00","2022-02-13T21:10:00","2022-02-13T13:10:00",FALSE,FALSE,TRUE,FALSE,FALSE,FALSE,TRUE,FALSE,FALSE,FALSE,FALSE,FALSE,220270,248615,"Group A",1,7,FALSE,248600,"Preliminary Round",248600,";26;159;","Finished","FINISHED","IHOMTEAM6-------------GPA-000500--",NA,NA,279,"https://stream.nbcolympics.com/beijing-olympics-hockey-mens-prelim-china-canada",9592,"Men's Tournament","Men's Tournament",0,4,"Team","Team",NA,1,"Men","M","2022-02-13T21:10:00","/Date(1644786600000+0000)/",20220213,"2022-02-13T13:10:00","/Date(1644757800000+0000)/",20220213,"2022-02-13T23:22:34.940","/Date(1644794554940+0000)/",20220213,"2022-02-13T15:22:34.940","/Date(1644765754940+0000)/",20220213,41395,"National Indoor Stadium",NA,3647,"Beijing",NA,2770,"China","CHN",746614,NA,2,NA,FALSE,NA,NA,0,1152,"China","CHN",NA,26,2770,"China","CHN",NA,NA,NA,NA,NA,NA,NA,NA,NA,NA,4,0,"0",0,0,0,NA,NA,NA,NA,0,107,"Canada","CAN",NA,159,2231,"Canada","CAN",NA,NA,NA,NA,NA,NA,NA,NA,NA,NA,4,5,"5",3,1,1,NA,NA,NA,NA,FALSE,FALSE,FALSE
113,1,"Hockey","IHO","2;5;9;14;17;18;26;149;152;154;159;161;23062",20220213,FALSE,"2022-02-13T21:10:00","2022-02-13T13:10:00","2022-02-13T21:10:00","2022-02-13T13:10:00",FALSE,FALSE,TRUE,FALSE,FALSE,FALSE,TRUE,FALSE,FALSE,FALSE,FALSE,FALSE,220270,248615,"Group A",1,7,FALSE,248600,"Preliminary Round",248600,";2;5;","Finished","FINISHED","IHOMTEAM6-------------GPA-000600--",NA,NA,312,"https://stream.nbcolympics.com/beijing-olympics-hockey-mens-prelim-usa-germany",9592,"Men's Tournament","Men's Tournament",0,4,"Team","Team",NA,1,"Men","M","2022-02-13T21:10:00","/Date(1644786600000+0000)/",20220213,"2022-02-13T13:10:00","/Date(1644757800000+0000)/",20220213,"2022-02-13T23:26:58.720","/Date(1644794818720+0000)/",20220213,"2022-02-13T15:26:58.720","/Date(1644766018720+0000)/",20220213,40587,"Wukesong Sports Centre",NA,3647,"Beijing",NA,2770,"China","CHN",746613,NA,1,NA,FALSE,NA,NA,0,265,"United States","USA",NA,5,2209,"United States","USA",NA,NA,NA,NA,NA,NA,NA,NA,NA,NA,4,3,"3",1,1,1,NA,NA,NA,NA,0,613,"Germany","GER",NA,2,2206,"Germany","GER",NA,NA,NA,NA,NA,NA,NA,NA,NA,NA,4,2,"2",1,0,1,NA,NA,NA,NA,FALSE,FALSE,FALSE
113,1,"Hockey","IHO","2;5;9;14;17;18;26;149;152;154;159;161;23062",20220214,FALSE,"2022-02-14T12:10:00","2022-02-14T04:10:00","2022-02-14T12:10:00","2022-02-14T04:10:00",FALSE,FALSE,TRUE,FALSE,FALSE,FALSE,TRUE,FALSE,FALSE,FALSE,FALSE,FALSE,220271,248576,"Semifinals",1,4,TRUE,248576,"Semifinals",113024001,";149;159;","Finished","FINISHED","IHOWTEAM6-------------SFNL000100--",NA,NA,313,"https://stream.nbcolympics.com/beijing-olympics-hockey-womens-semifinal-1",9608,"Women's Tournament","Women's Tournament",0,4,"Team","Team",NA,2,"Women","W","2022-02-14T12:10:00","/Date(1644840600000+0000)/",20220214,"2022-02-14T04:10:00","/Date(1644811800000+0000)/",20220214,"2022-02-14T14:18:47.070","/Date(1644848327070+0000)/",20220214,"2022-02-14T06:18:47.070","/Date(1644819527070+0000)/",20220214,40587,"Wukesong Sports Centre",NA,3647,"Beijing",NA,2770,"China","CHN",746582,"Semifinals",1,NA,FALSE,NA,NA,0,140,"Canada","CAN",NA,159,2231,"Canada","CAN",NA,NA,NA,NA,NA,NA,NA,NA,NA,NA,4,10,"10",5,3,2,NA,NA,NA,NA,0,522,"Switzerland","SUI",NA,149,2213,"Switzerland","SUI",NA,NA,NA,NA,NA,NA,NA,NA,NA,NA,4,3,"3",1,2,0,NA,NA,NA,NA,FALSE,FALSE,FALSE
113,1,"Hockey","IHO","2;5;9;14;17;18;26;149;152;154;159;161;23062",20220214,FALSE,"2022-02-14T21:10:00","2022-02-14T13:10:00","2022-02-14T21:10:00","2022-02-14T13:10:00",FALSE,FALSE,TRUE,FALSE,FALSE,FALSE,TRUE,FALSE,FALSE,FALSE,FALSE,FALSE,220271,248576,"Semifinals",2,4,TRUE,248576,"Semifinals",113024001,";5;161;","Finished","FINISHED","IHOWTEAM6-------------SFNL000200--",NA,NA,314,"https://stream.nbcolympics.com/beijing-olympics-hockey-womens-semifinal-2",9608,"Women's Tournament","Women's Tournament",0,4,"Team","Team",NA,2,"Women","W","2022-02-14T21:10:00","/Date(1644873000000+0000)/",20220214,"2022-02-14T13:10:00","/Date(1644844200000+0000)/",20220214,"2022-02-14T23:20:27.047","/Date(1644880827047+0000)/",20220214,"2022-02-14T15:20:27.047","/Date(1644852027047+0000)/",20220214,40587,"Wukesong Sports Centre",NA,3647,"Beijing",NA,2770,"China","CHN",746583,"Semifinals",1,NA,FALSE,NA,NA,0,274,"United States","USA",NA,5,2209,"United States","USA",NA,NA,NA,NA,NA,NA,NA,NA,NA,NA,4,4,"4",0,2,2,NA,NA,NA,NA,0,589,"Finland","FIN",NA,161,2237,"Finland","FIN",NA,NA,NA,NA,NA,NA,NA,NA,NA,NA,4,1,"1",0,0,1,NA,NA,NA,NA,FALSE,FALSE,FALSE
113,1,"Hockey","IHO","2;5;9;14;17;18;26;149;152;154;159;161;23062",20220215,FALSE,"2022-02-15T12:10:00","2022-02-15T04:10:00","2022-02-15T12:10:00","2022-02-15T04:10:00",FALSE,FALSE,TRUE,FALSE,FALSE,FALSE,TRUE,FALSE,FALSE,FALSE,FALSE,FALSE,220270,248597,"Playoff Qualifiers",2,6,TRUE,248597,"Playoff Qualifiers",113024002,";9;152;","Finished","FINISHED","IHOMTEAM6-------------8FNL000200--",NA,NA,315,"https://stream.nbcolympics.com/beijing-olympics-hockey-mens-quarterfinal-playoff-2",9592,"Men's Tournament","Men's Tournament",0,4,"Team","Team",NA,1,"Men","M","2022-02-15T12:10:00","/Date(1644927000000+0000)/",20220215,"2022-02-15T04:10:00","/Date(1644898200000+0000)/",20220215,"2022-02-15T14:24:46.320","/Date(1644935086320+0000)/",20220215,"2022-02-15T06:24:46.320","/Date(1644906286320+0000)/",20220215,40587,"Wukesong Sports Centre",NA,3647,"Beijing",NA,2770,"China","CHN",746593,"Playoff Qualifiers",1,NA,FALSE,NA,NA,0,581,"Denmark","DEN",NA,152,2220,"Denmark","DEN",NA,NA,NA,NA,NA,NA,NA,NA,NA,NA,4,3,"3",1,1,1,NA,NA,NA,NA,0,444,"Latvia","LAT",NA,9,2218,"Latvia","LAT",NA,NA,NA,NA,NA,NA,NA,NA,NA,NA,4,2,"2",1,1,0,NA,NA,NA,NA,FALSE,FALSE,FALSE
113,1,"Hockey","IHO","2;5;9;14;17;18;26;149;152;154;159;161;23062",20220215,FALSE,"2022-02-15T12:10:00","2022-02-15T04:10:00","2022-02-15T12:10:00","2022-02-15T04:10:00",FALSE,FALSE,TRUE,FALSE,FALSE,FALSE,TRUE,FALSE,FALSE,FALSE,FALSE,FALSE,220270,248597,"Playoff Qualifiers",1,6,TRUE,248597,"Playoff Qualifiers",113024002,";2;14;","Finished","FINISHED","IHOMTEAM6-------------8FNL000100--",NA,NA,280,"https://stream.nbcolympics.com/beijing-olympics-hockey-mens-quarterfinal-playoff-1",9592,"Men's Tournament","Men's Tournament",0,4,"Team","Team",NA,1,"Men","M","2022-02-15T12:10:00","/Date(1644927000000+0000)/",20220215,"2022-02-15T04:10:00","/Date(1644898200000+0000)/",20220215,"2022-02-15T14:27:42.247","/Date(1644935262247+0000)/",20220215,"2022-02-15T06:27:42.247","/Date(1644906462247+0000)/",20220215,41395,"National Indoor Stadium",NA,3647,"Beijing",NA,2770,"China","CHN",746590,"Playoff Qualifiers",1,NA,FALSE,NA,NA,0,696,"Slovakia","SVK",NA,14,2233,"Slovakia","SVK",NA,NA,NA,NA,NA,NA,NA,NA,NA,NA,4,4,"4",1,2,1,NA,NA,NA,NA,0,613,"Germany","GER",NA,2,2206,"Germany","GER",NA,NA,NA,NA,NA,NA,NA,NA,NA,NA,4,0,"0",0,0,0,NA,NA,NA,NA,FALSE,FALSE,FALSE
113,1,"Hockey","IHO","2;5;9;14;17;18;26;149;152;154;159;161;23062",20220215,FALSE,"2022-02-15T16:40:00","2022-02-15T08:40:00","2022-02-15T16:40:00","2022-02-15T08:40:00",FALSE,FALSE,TRUE,FALSE,FALSE,FALSE,TRUE,FALSE,FALSE,FALSE,FALSE,FALSE,220270,248597,"Playoff Qualifiers",3,6,TRUE,248597,"Playoff Qualifiers",113024002,";17;149;","Finished","FINISHED","IHOMTEAM6-------------8FNL000300--",NA,NA,281,"https://stream.nbcolympics.com/beijing-olympics-hockey-mens-quarterfinal-playoff-3",9592,"Men's Tournament","Men's Tournament",0,4,"Team","Team",NA,1,"Men","M","2022-02-15T16:40:00","/Date(1644943200000+0000)/",20220215,"2022-02-15T08:40:00","/Date(1644914400000+0000)/",20220215,"2022-02-15T18:50:59.970","/Date(1644951059970+0000)/",20220215,"2022-02-15T10:50:59.970","/Date(1644922259970+0000)/",20220215,41395,"National Indoor Stadium",NA,3647,"Beijing",NA,2770,"China","CHN",746592,"Playoff Qualifiers",2,NA,FALSE,NA,NA,0,451,"Czech Republic","CZE",NA,17,2240,"Czech Republic","CZE",NA,NA,NA,NA,NA,NA,NA,NA,NA,NA,4,2,"2",1,0,1,NA,NA,NA,NA,0,494,"Switzerland","SUI",NA,149,2213,"Switzerland","SUI",NA,NA,NA,NA,NA,NA,NA,NA,NA,NA,4,4,"4",2,1,1,NA,NA,NA,NA,FALSE,FALSE,FALSE
113,1,"Hockey","IHO","2;5;9;14;17;18;26;149;152;154;159;161;23062",20220215,FALSE,"2022-02-15T21:10:00","2022-02-15T13:10:00","2022-02-15T21:10:00","2022-02-15T13:10:00",FALSE,FALSE,TRUE,FALSE,FALSE,FALSE,TRUE,FALSE,FALSE,FALSE,FALSE,FALSE,220270,248597,"Playoff Qualifiers",4,6,TRUE,248597,"Playoff Qualifiers",113024002,";26;159;","Finished","FINISHED","IHOMTEAM6-------------8FNL000400--",NA,NA,282,"https://stream.nbcolympics.com/beijing-olympics-hockey-mens-quarterfinal-playoff-4",9592,"Men's Tournament","Men's Tournament",0,4,"Team","Team",NA,1,"Men","M","2022-02-15T21:10:00","/Date(1644959400000+0000)/",20220215,"2022-02-15T13:10:00","/Date(1644930600000+0000)/",20220215,"2022-02-15T23:34:42.820","/Date(1644968082820+0000)/",20220215,"2022-02-15T15:34:42.820","/Date(1644939282820+0000)/",20220215,41395,"National Indoor Stadium",NA,3647,"Beijing",NA,2770,"China","CHN",746591,"Playoff Qualifiers",1,NA,FALSE,NA,NA,0,107,"Canada","CAN",NA,159,2231,"Canada","CAN",NA,NA,NA,NA,NA,NA,NA,NA,NA,NA,4,7,"7",2,3,2,NA,NA,NA,NA,0,1152,"China","CHN",NA,26,2770,"China","CHN",NA,NA,NA,NA,NA,NA,NA,NA,NA,NA,4,2,"2",1,1,0,NA,NA,NA,NA,FALSE,FALSE,FALSE
113,1,"Hockey","IHO","2;5;9;14;17;18;26;149;152;154;159;161;23062",20220216,FALSE,"2022-02-16T12:10:00","2022-02-16T04:10:00","2022-02-16T12:10:00","2022-02-16T04:10:00",FALSE,FALSE,TRUE,FALSE,FALSE,FALSE,TRUE,FALSE,FALSE,FALSE,FALSE,FALSE,220270,248599,"Quarterfinals",2,5,TRUE,248599,"Quarterfinals",113024002,";5;14;","Finished","FINISHED","IHOMTEAM6-------------QFNL000100--",NA,NA,283,"https://stream.nbcolympics.com/beijing-olympics-hockey-mens-quarterfinal-1",9592,"Men's Tournament","Men's Tournament",0,4,"Team","Team",NA,1,"Men","M","2022-02-16T12:10:00","/Date(1645013400000+0000)/",20220216,"2022-02-16T04:10:00","/Date(1644984600000+0000)/",20220216,"2022-02-16T14:48:46.643","/Date(1645022926643+0000)/",20220216,"2022-02-16T06:48:46.643","/Date(1644994126643+0000)/",20220216,41395,"National Indoor Stadium",NA,3647,"Beijing",NA,2770,"China","CHN",746599,"Quarterfinals",2,NA,FALSE,NA,NA,0,265,"United States","USA",NA,5,2209,"United States","USA",NA,NA,NA,NA,NA,NA,NA,NA,NA,NA,4,2,"2",1,1,0,0,0,NA,NA,0,696,"Slovakia","SVK",NA,14,2233,"Slovakia","SVK",NA,NA,NA,NA,NA,NA,NA,NA,NA,NA,4,3,"3",1,0,1,0,1,NA,NA,FALSE,FALSE,FALSE
113,1,"Hockey","IHO","2;5;9;14;17;18;26;149;152;154;159;161;23062",20220216,FALSE,"2022-02-16T14:00:00","2022-02-16T06:00:00","2022-02-16T14:00:00","2022-02-16T06:00:00",FALSE,FALSE,TRUE,FALSE,FALSE,FALSE,TRUE,FALSE,FALSE,FALSE,FALSE,FALSE,220270,248599,"Quarterfinals",3,5,TRUE,248599,"Quarterfinals",113024002,";152;23062;","Finished","FINISHED","IHOMTEAM6-------------QFNL000200--",NA,NA,316,"https://stream.nbcolympics.com/beijing-olympics-hockey-mens-quarterfinal-2",9592,"Men's Tournament","Men's Tournament",0,4,"Team","Team",NA,1,"Men","M","2022-02-16T14:00:00","/Date(1645020000000+0000)/",20220216,"2022-02-16T06:00:00","/Date(1644991200000+0000)/",20220216,"2022-02-16T16:05:13.877","/Date(1645027513877+0000)/",20220216,"2022-02-16T08:05:13.877","/Date(1644998713877+0000)/",20220216,40587,"Wukesong Sports Centre",NA,3647,"Beijing",NA,2770,"China","CHN",746598,"Quarterfinals",1,NA,FALSE,NA,NA,0,64005,"ROC","ROC",NA,23062,73035,"ROC","ROC",NA,NA,NA,NA,NA,NA,NA,NA,NA,NA,4,3,"3",1,1,1,NA,NA,NA,NA,0,581,"Denmark","DEN",NA,152,2220,"Denmark","DEN",NA,NA,NA,NA,NA,NA,NA,NA,NA,NA,4,1,"1",0,1,0,NA,NA,NA,NA,FALSE,FALSE,FALSE
113,1,"Hockey","IHO","2;5;9;14;17;18;26;149;152;154;159;161;23062",20220216,FALSE,"2022-02-16T16:40:00","2022-02-16T08:40:00","2022-02-16T16:40:00","2022-02-16T08:40:00",FALSE,FALSE,TRUE,FALSE,FALSE,FALSE,TRUE,FALSE,FALSE,FALSE,FALSE,FALSE,220270,248599,"Quarterfinals",1,5,TRUE,248599,"Quarterfinals",113024002,";149;161;","Finished","FINISHED","IHOMTEAM6-------------QFNL000300--",NA,NA,284,"https://stream.nbcolympics.com/beijing-olympics-hockey-mens-quarterfinal-3",9592,"Men's Tournament","Men's Tournament",0,4,"Team","Team",NA,1,"Men","M","2022-02-16T16:40:00","/Date(1645029600000+0000)/",20220216,"2022-02-16T08:40:00","/Date(1645000800000+0000)/",20220216,"2022-02-16T18:56:32.440","/Date(1645037792440+0000)/",20220216,"2022-02-16T10:56:32.440","/Date(1645008992440+0000)/",20220216,41395,"National Indoor Stadium",NA,3647,"Beijing",NA,2770,"China","CHN",746597,"Quarterfinals",1,NA,FALSE,NA,NA,0,556,"Finland","FIN",NA,161,2237,"Finland","FIN",NA,NA,NA,NA,NA,NA,NA,NA,NA,NA,4,5,"5",2,1,2,NA,NA,NA,NA,0,494,"Switzerland","SUI",NA,149,2213,"Switzerland","SUI",NA,NA,NA,NA,NA,NA,NA,NA,NA,NA,4,1,"1",0,1,0,NA,NA,NA,NA,FALSE,FALSE,FALSE
113,1,"Hockey","IHO","2;5;9;14;17;18;26;149;152;154;159;161;23062",20220216,FALSE,"2022-02-16T19:30:00","2022-02-16T11:30:00","2022-02-16T19:30:00","2022-02-16T11:30:00",FALSE,FALSE,TRUE,FALSE,FALSE,FALSE,TRUE,FALSE,FALSE,FALSE,FALSE,FALSE,220271,248586,"Bronze Medal Game",1,3,TRUE,248586,"Bronze Medal Game",113024001,";149;161;","Finished","FINISHED","IHOWTEAM6-------------FNL-000200--",NA,NA,317,"https://stream.nbcolympics.com/beijing-olympics-hockey-womens-bronze-medal-game",9608,"Women's Tournament","Women's Tournament",0,4,"Team","Team",NA,2,"Women","W","2022-02-16T19:30:00","/Date(1645039800000+0000)/",20220216,"2022-02-16T11:30:00","/Date(1645011000000+0000)/",20220216,"2022-02-16T21:38:01.110","/Date(1645047481110+0000)/",20220216,"2022-02-16T13:38:01.110","/Date(1645018681110+0000)/",20220216,40587,"Wukesong Sports Centre",NA,3647,"Beijing",NA,2770,"China","CHN",746586,"Bronze Medal Game",1,NA,FALSE,NA,NA,0,589,"Finland","FIN",NA,161,2237,"Finland","FIN",NA,NA,NA,NA,NA,NA,NA,NA,NA,NA,4,4,"4",1,0,3,NA,NA,NA,NA,0,522,"Switzerland","SUI",NA,149,2213,"Switzerland","SUI",NA,NA,NA,NA,NA,NA,NA,NA,NA,NA,4,0,"0",0,0,0,NA,NA,NA,NA,FALSE,FALSE,TRUE
113,1,"Hockey","IHO","2;5;9;14;17;18;26;149;152;154;159;161;23062",20220216,FALSE,"2022-02-16T21:30:00","2022-02-16T13:30:00","2022-02-16T21:30:00","2022-02-16T13:30:00",FALSE,FALSE,TRUE,FALSE,FALSE,FALSE,TRUE,FALSE,FALSE,FALSE,FALSE,FALSE,220270,248599,"Quarterfinals",4,5,TRUE,248599,"Quarterfinals",113024002,";154;159;","Finished","FINISHED","IHOMTEAM6-------------QFNL000400--",NA,NA,285,"https://stream.nbcolympics.com/beijing-olympics-hockey-mens-quarterfinal-4",9592,"Men's Tournament","Men's Tournament",0,4,"Team","Team",NA,1,"Men","M","2022-02-16T21:30:00","/Date(1645047000000+0000)/",20220216,"2022-02-16T13:30:00","/Date(1645018200000+0000)/",20220216,"2022-02-16T23:44:37.887","/Date(1645055077887+0000)/",20220216,"2022-02-16T15:44:37.887","/Date(1645026277887+0000)/",20220216,41395,"National Indoor Stadium",NA,3647,"Beijing",NA,2770,"China","CHN",746596,"Quarterfinals",1,NA,FALSE,NA,NA,0,778,"Sweden","SWE",NA,154,2222,"Sweden","SWE",NA,NA,NA,NA,NA,NA,NA,NA,NA,NA,4,2,"2",0,0,2,NA,NA,NA,NA,0,107,"Canada","CAN",NA,159,2231,"Canada","CAN",NA,NA,NA,NA,NA,NA,NA,NA,NA,NA,4,0,"0",0,0,0,NA,NA,NA,NA,FALSE,FALSE,FALSE
113,1,"Hockey","IHO","2;5;9;14;17;18;26;149;152;154;159;161;23062",20220217,FALSE,"2022-02-17T12:10:00","2022-02-17T04:10:00","2022-02-17T12:10:00","2022-02-17T04:10:00",FALSE,FALSE,TRUE,FALSE,FALSE,FALSE,TRUE,FALSE,FALSE,FALSE,FALSE,FALSE,220271,248587,"Gold Medal Game",2,2,TRUE,248587,"Gold Medal Game",113024001,";5;159;","Finished","FINISHED","IHOWTEAM6-------------FNL-000100--",NA,NA,318,"https://stream.nbcolympics.com/beijing-olympics-hockey-womens-gold-medal-game",9608,"Women's Tournament","Women's Tournament",0,4,"Team","Team",NA,2,"Women","W","2022-02-17T12:10:00","/Date(1645099800000+0000)/",20220217,"2022-02-17T04:10:00","/Date(1645071000000+0000)/",20220217,"2022-02-17T14:23:24.260","/Date(1645107804260+0000)/",20220217,"2022-02-17T06:23:24.260","/Date(1645079004260+0000)/",20220217,40587,"Wukesong Sports Centre",NA,3647,"Beijing",NA,2770,"China","CHN",746587,"Gold Medal Game",1,NA,FALSE,NA,NA,0,140,"Canada","CAN",NA,159,2231,"Canada","CAN",NA,NA,NA,NA,NA,NA,NA,NA,NA,NA,4,3,"3",2,1,0,NA,NA,NA,NA,0,274,"United States","USA",NA,5,2209,"United States","USA",NA,NA,NA,NA,NA,NA,NA,NA,NA,NA,4,2,"2",0,1,1,NA,NA,NA,NA,TRUE,TRUE,FALSE
113,1,"Hockey","IHO","2;5;9;14;17;18;26;149;152;154;159;161;23062",20220218,FALSE,"2022-02-18T12:10:00","2022-02-18T04:10:00","2022-02-18T12:10:00","2022-02-18T04:10:00",FALSE,FALSE,TRUE,FALSE,FALSE,FALSE,TRUE,FALSE,FALSE,FALSE,FALSE,FALSE,220270,248598,"Semifinals",1,4,TRUE,248598,"Semifinals",113024002,";14;161;","Finished","FINISHED","IHOMTEAM6-------------SFNL000100--",NA,NA,286,"https://stream.nbcolympics.com/beijing-olympics-hockey-mens-semifinal-1",9592,"Men's Tournament","Men's Tournament",0,4,"Team","Team",NA,1,"Men","M","2022-02-18T12:10:00","/Date(1645186200000+0000)/",20220218,"2022-02-18T04:10:00","/Date(1645157400000+0000)/",20220218,"2022-02-18T14:23:03.407","/Date(1645194183407+0000)/",20220218,"2022-02-18T06:23:03.407","/Date(1645165383407+0000)/",20220218,41395,"National Indoor Stadium",NA,3647,"Beijing",NA,2770,"China","CHN",746595,"Semifinals",1,NA,FALSE,NA,NA,0,556,"Finland","FIN",NA,161,2237,"Finland","FIN",NA,NA,NA,NA,NA,NA,NA,NA,NA,NA,4,2,"2",1,0,1,NA,NA,NA,NA,0,696,"Slovakia","SVK",NA,14,2233,"Slovakia","SVK",NA,NA,NA,NA,NA,NA,NA,NA,NA,NA,4,0,"0",0,0,0,NA,NA,NA,NA,FALSE,FALSE,FALSE
113,1,"Hockey","IHO","2;5;9;14;17;18;26;149;152;154;159;161;23062",20220218,FALSE,"2022-02-18T21:10:00","2022-02-18T13:10:00","2022-02-18T21:10:00","2022-02-18T13:10:00",FALSE,FALSE,TRUE,FALSE,FALSE,FALSE,TRUE,FALSE,FALSE,FALSE,FALSE,FALSE,220270,248598,"Semifinals",2,4,TRUE,248598,"Semifinals",113024002,";154;23062;","Finished","FINISHED","IHOMTEAM6-------------SFNL000200--",NA,NA,287,"https://stream.nbcolympics.com/beijing-olympics-hockey-mens-semifinal-2",9592,"Men's Tournament","Men's Tournament",0,4,"Team","Team",NA,1,"Men","M","2022-02-18T21:10:00","/Date(1645218600000+0000)/",20220218,"2022-02-18T13:10:00","/Date(1645189800000+0000)/",20220218,"2022-02-18T23:49:04.353","/Date(1645228144353+0000)/",20220218,"2022-02-18T15:49:04.353","/Date(1645199344353+0000)/",20220218,41395,"National Indoor Stadium",NA,3647,"Beijing",NA,2770,"China","CHN",746594,"Semifinals",1,NA,FALSE,NA,NA,0,64005,"ROC","ROC",NA,23062,73035,"ROC","ROC",NA,NA,NA,NA,NA,NA,NA,NA,NA,NA,4,2,"2",0,1,0,0,1,NA,NA,0,778,"Sweden","SWE",NA,154,2222,"Sweden","SWE",NA,NA,NA,NA,NA,NA,NA,NA,NA,NA,4,1,"1",0,0,1,0,0,NA,NA,FALSE,FALSE,FALSE
113,1,"Hockey","IHO","2;5;9;14;17;18;26;149;152;154;159;161;23062",20220219,FALSE,"2022-02-19T21:10:00","2022-02-19T13:10:00","2022-02-19T21:10:00","2022-02-19T13:10:00",FALSE,FALSE,TRUE,FALSE,FALSE,FALSE,TRUE,FALSE,FALSE,FALSE,FALSE,FALSE,220270,248601,"Bronze Medal Game",1,3,TRUE,248601,"Bronze Medal Game",113024002,";14;154;","Finished","FINISHED","IHOMTEAM6-------------FNL-000200--",NA,NA,288,"https://stream.nbcolympics.com/beijing-olympics-hockey-mens-bronze-medal-game",9592,"Men's Tournament","Men's Tournament",0,4,"Team","Team",NA,1,"Men","M","2022-02-19T21:10:00","/Date(1645305000000+0000)/",20220219,"2022-02-19T13:10:00","/Date(1645276200000+0000)/",20220219,"2022-02-19T23:24:15.113","/Date(1645313055113+0000)/",20220219,"2022-02-19T15:24:15.113","/Date(1645284255113+0000)/",20220219,41395,"National Indoor Stadium",NA,3647,"Beijing",NA,2770,"China","CHN",746618,"Bronze Medal Game",2,NA,FALSE,NA,NA,0,778,"Sweden","SWE",NA,154,2222,"Sweden","SWE",NA,NA,NA,NA,NA,NA,NA,NA,NA,NA,4,0,"0",0,0,0,NA,NA,NA,NA,0,696,"Slovakia","SVK",NA,14,2233,"Slovakia","SVK",NA,NA,NA,NA,NA,NA,NA,NA,NA,NA,4,4,"4",0,2,2,NA,NA,NA,NA,FALSE,FALSE,TRUE
113,1,"Hockey","IHO","2;5;9;14;17;18;26;149;152;154;159;161;23062",20220220,FALSE,"2022-02-20T12:10:00","2022-02-20T04:10:00","2022-02-20T12:10:00","2022-02-20T04:10:00",FALSE,FALSE,TRUE,FALSE,FALSE,FALSE,TRUE,FALSE,FALSE,FALSE,FALSE,FALSE,220270,248602,"Gold Medal Game",2,2,TRUE,248602,"Gold Medal Game",113024002,";161;23062;","Finished","FINISHED","IHOMTEAM6-------------FNL-000100--",NA,NA,289,"https://stream.nbcolympics.com/beijing-olympics-hockey-mens-gold-medal-game",9592,"Men's Tournament","Men's Tournament",0,4,"Team","Team",NA,1,"Men","M","2022-02-20T12:10:00","/Date(1645359000000+0000)/",20220220,"2022-02-20T04:10:00","/Date(1645330200000+0000)/",20220220,"2022-02-20T14:20:26.210","/Date(1645366826210+0000)/",20220220,"2022-02-20T06:20:26.210","/Date(1645338026210+0000)/",20220220,41395,"National Indoor Stadium",NA,3647,"Beijing",NA,2770,"China","CHN",746619,"Gold Medal Game",1,NA,FALSE,NA,NA,0,556,"Finland","FIN",NA,161,2237,"Finland","FIN",NA,NA,NA,NA,NA,NA,NA,NA,NA,NA,4,2,"2",0,1,1,NA,NA,NA,NA,0,64005,"ROC","ROC",NA,23062,73035,"ROC","ROC",NA,NA,NA,NA,NA,NA,NA,NA,NA,NA,4,1,"1",1,0,0,NA,NA,NA,NA,TRUE,TRUE,FALSE
